time,sys_time,session_id,pos_x,pos_y,vel_x,vel_y,internal_fx,internal_fy,user_fx,user_fy,prob_left,score_mode,target_succ,max_trials,effort
26.416095,1765097149.031087,1765097098,0.321956,0.103574,0.000000,0.000000,0.000000,50.000000,-1.721829,-2.066195,0.500000,1,10,10,0.000000
26.418156,1765097149.033068,1765097098,0.321956,0.103574,0.000000,0.000000,0.000000,50.000000,-1.721829,-2.066195,0.500000,1,10,10,0.000000
26.420172,1765097149.035097,1765097098,0.321956,0.103574,0.000000,0.000000,0.000000,50.000000,0.000000,-1.377463,0.500000,1,10,10,0.000000
26.422158,1765097149.037071,1765097098,0.321956,0.103612,0.000000,0.012539,0.000000,50.000000,0.000000,46.145026,0.500000,1,10,10,0.000000
26.424174,1765097149.039100,1765097098,0.321964,0.103741,0.001817,0.044326,0.000000,50.000000,0.000000,49.244319,0.500000,1,10,10,0.000000
26.426182,1765097149.041093,1765097098,0.321968,0.103824,0.002082,0.038351,0.000000,50.000000,0.000000,49.588685,0.500000,1,10,10,0.000000
26.428340,1765097149.043361,1765097098,0.321968,0.103820,0.001907,0.020750,0.000000,50.000000,0.000000,49.588685,0.500000,1,10,10,0.000000
26.430283,1765097149.045243,1765097098,0.321972,0.103843,0.001887,0.008058,0.000000,50.000000,0.000000,48.899953,0.500000,1,10,10,0.000000
26.432143,1765097149.047091,1765097098,0.321972,0.103945,0.000952,0.030773,0.000000,50.000000,0.000000,48.555587,0.500000,1,10,10,0.000000
26.434077,1765097149.048915,1765097098,0.321975,0.104066,0.000926,0.054421,0.000000,50.000000,0.000000,49.933050,0.500000,1,10,10,0.000000
26.436075,1765097149.050910,1765097098,0.321975,0.104187,0.000946,0.045287,0.000000,50.000000,0.688732,49.588685,0.500000,1,10,10,0.000000
26.438075,1765097149.052911,1765097098,0.321975,0.104229,0.000265,0.041305,0.000000,50.000000,0.000000,48.899953,0.500000,1,10,10,0.000000
26.440079,1765097149.054914,1765097098,0.321972,0.104354,-0.000934,0.051176,0.000000,50.000000,0.000000,51.310514,0.500000,1,10,10,0.000000
26.442081,1765097149.056917,1765097098,0.321972,0.104505,-0.000946,0.068409,0.000000,50.000000,0.000000,49.933050,0.500000,1,10,10,0.000000
26.444077,1765097149.058913,1765097098,0.321975,0.104626,0.000906,0.067702,0.000000,50.000000,0.000000,49.588685,0.500000,1,10,10,0.000000
26.446083,1765097149.060925,1765097098,0.321975,0.104823,0.000946,0.063191,0.000000,50.000000,0.000000,56.476002,0.500000,1,10,10,0.000000
26.448078,1765097149.062917,1765097098,0.321975,0.104906,0.000500,0.070504,0.000000,50.000000,0.000000,56.820368,0.500000,1,10,10,0.000000
26.450079,1765097149.064919,1765097098,0.321975,0.105084,0.000003,0.083997,0.000000,50.000000,0.000000,56.820368,0.500000,1,10,10,0.000000
26.452089,1765097149.066928,1765097098,0.321975,0.105243,-0.000682,0.083919,0.000000,50.000000,0.000000,56.476002,0.500000,1,10,10,0.000000
26.454079,1765097149.068918,1765097098,0.321972,0.105399,-0.000945,0.079369,0.000000,50.000000,0.000000,56.820368,0.500000,1,10,10,0.000000
26.456081,1765097149.070923,1765097098,0.321972,0.105584,-0.000021,0.085439,0.000000,50.000000,0.000000,56.820368,0.500000,1,10,10,0.000000
26.458080,1765097149.072920,1765097098,0.321972,0.105792,-0.000002,0.097888,0.000000,50.000000,0.000000,56.476002,0.500000,1,10,10,0.000000
26.460178,1765097149.075037,1765097098,0.321975,0.105997,0.000872,0.102989,0.000000,50.000000,0.000000,56.820368,0.500000,1,10,10,3.090884
26.462174,1765097149.077036,1765097098,0.321979,0.106201,0.001752,0.101999,0.000000,50.000000,0.688732,56.476002,0.500000,1,10,10,3.378973
26.464179,1765097149.079042,1765097098,0.321979,0.106405,0.000338,0.102094,0.000000,50.000000,0.000000,56.476002,0.500000,1,10,10,3.667268
26.466189,1765097149.081059,1765097098,0.321972,0.106625,-0.001842,0.107219,0.000000,50.000000,0.000000,56.476002,0.500000,1,10,10,3.970079
26.468193,1765097149.083067,1765097098,0.321972,0.106852,-0.001207,0.111824,0.000000,50.000000,0.000000,56.476002,0.500000,1,10,10,4.285865
26.470203,1765097149.085086,1765097098,0.321972,0.107083,-0.000502,0.114404,0.000000,50.000000,0.000000,56.476002,0.500000,1,10,10,4.608920
26.472209,1765097149.087097,1765097098,0.321972,0.107321,-0.000003,0.117159,0.000000,50.000000,0.000000,56.476002,0.500000,1,10,10,4.939755
26.474218,1765097149.089112,1765097098,0.321972,0.107567,0.000000,0.120665,0.000000,50.000000,0.000000,56.131636,0.500000,1,10,10,5.278411
26.476227,1765097149.091129,1765097098,0.321972,0.107817,0.000000,0.124298,0.000000,50.000000,-0.688732,55.787270,0.500000,1,10,10,5.625150
26.478249,1765097149.093153,1765097098,0.321972,0.108075,0.000000,0.127191,0.000000,50.000000,0.000000,56.131636,0.500000,1,10,10,5.982122
26.480228,1765097149.095131,1765097098,0.321972,0.108336,0.000000,0.129456,0.000000,50.000000,0.000000,56.131636,0.500000,1,10,10,6.345450
26.482229,1765097149.097131,1765097098,0.321972,0.108612,0.000000,0.134482,0.000000,50.000000,0.000000,55.098538,0.500000,1,10,10,6.715937
26.484229,1765097149.099132,1765097098,0.321972,0.108896,0.000000,0.139848,0.000000,50.000000,0.000000,55.442904,0.500000,1,10,10,7.103616
26.486230,1765097149.101133,1765097098,0.321972,0.109187,0.000000,0.143635,0.000000,50.000000,0.000000,56.476002,0.500000,1,10,10,7.509213
26.488243,1765097149.103155,1765097098,0.321972,0.109479,0.000000,0.145678,0.000000,50.000000,0.000000,56.131636,0.500000,1,10,10,7.918071
26.490232,1765097149.105133,1765097098,0.321972,0.109789,0.000000,0.151351,0.000000,50.000000,0.000000,55.787270,0.500000,1,10,10,8.340243
26.492233,1765097149.107136,1765097098,0.321972,0.110122,0.000000,0.161917,0.000000,50.000000,0.000000,55.787270,0.500000,1,10,10,8.791887
26.494244,1765097149.109156,1765097098,0.321972,0.110467,0.000682,0.169862,0.000000,50.000000,0.000000,56.131636,0.500000,1,10,10,9.268623
26.496242,1765097149.111154,1765097098,0.321975,0.110811,0.000946,0.172270,0.000000,50.000000,0.344366,55.442904,0.500000,1,10,10,9.746198
26.498234,1765097149.113137,1765097098,0.321972,0.111337,-0.000915,0.174363,0.000000,50.000000,0.000000,55.442904,0.500000,1,10,10,10.229563
26.500249,1765097149.115162,1765097098,0.321972,0.111523,-0.000944,0.177686,0.000000,50.000000,0.000000,55.442904,0.500000,1,10,10,10.722140
26.502248,1765097149.117160,1765097098,0.321972,0.111901,-0.000140,0.186001,0.000000,50.000000,0.000000,55.442904,0.500000,1,10,10,11.237762
26.504271,1765097149.119185,1765097098,0.321975,0.112291,0.000945,0.192312,0.000000,50.000000,0.000000,55.442904,0.500000,1,10,10,11.770887
26.506249,1765097149.121160,1765097098,0.321975,0.112692,0.000140,0.197304,0.000000,50.000000,0.688732,55.098538,0.500000,1,10,10,12.314487
26.508250,1765097149.123163,1765097098,0.321975,0.113097,-0.000435,0.201733,0.000000,50.000000,0.000000,55.098538,0.500000,1,10,10,12.870248
26.510250,1765097149.125162,1765097098,0.321972,0.113517,-0.000943,0.206333,0.000000,50.000000,0.000000,54.409807,0.500000,1,10,10,13.431581
26.512251,1765097149.127164,1765097098,0.321972,0.113953,0.000181,0.213125,0.000000,50.000000,0.000000,54.409807,0.500000,1,10,10,14.011387
26.514252,1765097149.129165,1765097098,0.321975,0.114403,0.000942,0.222933,0.000000,50.000000,0.344366,55.098538,0.500000,1,10,10,14.625568
26.516252,1765097149.131165,1765097098,0.321975,0.114865,0.000021,0.228696,0.000000,50.000000,0.688732,54.065441,0.500000,1,10,10,15.243847
26.518192,1765097149.133066,1765097098,0.321975,0.115558,0.000000,0.230886,0.000000,50.000000,0.000000,54.065441,0.500000,1,10,10,15.867994
26.520254,1765097149.135167,1765097098,0.321975,0.115792,0.000000,0.231694,0.000000,50.000000,0.000000,54.065441,0.500000,1,10,10,16.494327
26.522256,1765097149.137167,1765097098,0.321975,0.116281,0.000000,0.237595,0.000000,50.000000,0.000000,54.065441,0.500000,1,10,10,17.136612
26.524256,1765097149.139168,1765097098,0.321975,0.116795,0.000000,0.251318,0.000000,50.000000,0.000000,54.065441,0.500000,1,10,10,17.815993
26.526257,1765097149.141169,1765097098,0.321975,0.117575,0.000000,0.260188,0.000000,50.000000,0.000000,54.754173,0.500000,1,10,10,18.528312
26.528259,1765097149.143171,1765097098,0.321975,0.117832,0.000000,0.259411,0.000000,50.000000,0.000000,54.409807,0.500000,1,10,10,19.234037
26.530279,1765097149.145193,1765097098,0.321975,0.118343,0.000000,0.256488,0.000000,50.000000,0.000000,54.409807,0.500000,1,10,10,19.931811
26.532260,1765097149.147172,1765097098,0.321975,0.118870,0.000000,0.260214,0.000000,50.000000,0.000000,54.065441,0.500000,1,10,10,20.635240
26.534260,1765097149.149173,1765097098,0.321972,0.119418,-0.000806,0.268985,0.000000,50.000000,0.000000,54.065441,0.500000,1,10,10,21.362383
26.536261,1765097149.151172,1765097098,0.321975,0.120251,-0.000139,0.276952,0.000000,50.000000,0.000000,54.065441,0.500000,1,10,10,22.111059
26.538262,1765097149.153174,1765097098,0.321975,0.120524,-0.000011,0.276335,0.000000,50.000000,0.000000,53.721075,0.500000,1,10,10,22.853311
26.540263,1765097149.155175,1765097098,0.321975,0.121084,0.000935,0.277662,0.000000,50.000000,0.000000,53.721075,0.500000,1,10,10,23.599129
26.542266,1765097149.157178,1765097098,0.321975,0.121648,0.000011,0.280220,0.000000,50.000000,0.000000,54.065441,0.500000,1,10,10,24.356640
26.544265,1765097149.159176,1765097098,0.321975,0.122208,0.000000,0.281035,0.000000,50.000000,-1.033098,54.065441,0.500000,1,10,10,25.116493
26.546265,1765097149.161177,1765097098,0.321975,0.123067,0.000000,0.285386,0.000000,50.000000,0.000000,53.721075,0.500000,1,10,10,25.883055
26.548267,1765097149.163179,1765097098,0.321975,0.123362,0.000000,0.289704,0.000000,50.000000,0.000000,55.098538,0.500000,1,10,10,26.681169
26.550267,1765097149.165179,1765097098,0.321972,0.123953,-0.000935,0.294078,0.000000,50.000000,0.000000,54.409807,0.500000,1,10,10,27.481208
26.552268,1765097149.167180,1765097098,0.321972,0.124524,-0.000946,0.290510,0.000000,50.000000,0.000000,54.409807,0.500000,1,10,10,28.271542
26.554269,1765097149.169182,1765097098,0.321975,0.125092,0.000945,0.285047,0.000000,50.000000,0.000000,54.065441,0.500000,1,10,10,29.042107
26.556292,1765097149.171207,1765097098,0.321975,0.125683,0.000264,0.289399,0.000000,50.000000,0.000000,54.409807,0.500000,1,10,10,29.829416
26.558271,1765097149.173182,1765097098,0.321972,0.126292,-0.000939,0.299812,0.000000,50.000000,0.688732,53.032343,0.500000,1,10,10,30.624473
26.560272,1765097149.175184,1765097098,0.321972,0.126894,-0.000265,0.302091,0.000000,50.000000,0.000000,53.032343,0.500000,1,10,10,31.425504
26.562272,1765097149.177184,1765097098,0.321975,0.127488,0.000934,0.298630,0.000000,50.000000,0.000000,53.721075,0.500000,1,10,10,32.227645
26.564272,1765097149.179184,1765097098,0.321972,0.128086,-0.000803,0.298312,0.000000,50.000000,0.000000,53.721075,0.500000,1,10,10,33.028930
26.566273,1765097149.181187,1765097098,0.321972,0.128684,-0.000499,0.299490,0.000000,50.000000,0.000000,54.065441,0.500000,1,10,10,33.838535
26.568274,1765097149.183187,1765097098,0.321972,0.129297,-0.000039,0.302421,0.000000,50.000000,0.000000,53.032343,0.500000,1,10,10,34.640439
26.570276,1765097149.185188,1765097098,0.321972,0.129918,-0.000000,0.308892,0.000000,50.000000,0.000000,54.409807,0.500000,1,10,10,35.480777
26.572276,1765097149.187188,1765097098,0.321975,0.130535,0.000872,0.309577,0.000000,50.000000,0.000000,53.376709,0.500000,1,10,10,36.306991
26.574277,1765097149.189189,1765097098,0.321975,0.131144,0.000946,0.306504,0.000000,50.000000,0.000000,53.721075,0.500000,1,10,10,37.130282
26.576278,1765097149.191190,1765097098,0.321975,0.131765,-0.000372,0.307587,0.000000,50.000000,0.000000,53.376709,0.500000,1,10,10,37.951182
26.578279,1765097149.193191,1765097098,0.321972,0.132409,-0.000943,0.316725,0.000000,50.000000,0.000000,53.032343,0.500000,1,10,10,38.791020
26.580280,1765097149.195193,1765097098,0.321972,0.133063,-0.000500,0.324705,0.000000,50.000000,0.000000,52.687977,0.500000,1,10,10,39.646424
26.582301,1765097149.197215,1765097098,0.321972,0.133718,-0.000000,0.327247,0.000000,50.000000,0.688732,53.032343,0.500000,1,10,10,40.514230
26.584281,1765097149.199194,1765097098,0.321972,0.134702,0.000446,0.328129,0.000000,50.000000,0.000000,53.721075,0.500000,1,10,10,41.395604
26.586281,1765097149.201193,1765097098,0.321975,0.135035,0.000907,0.329654,0.000000,50.000000,0.000000,52.687977,0.500000,1,10,10,42.264047
26.588282,1765097149.203195,1765097098,0.321975,0.135713,0.000946,0.336274,0.000000,50.000000,0.000000,54.409807,0.500000,1,10,10,43.178879
26.590285,1765097149.205196,1765097098,0.321972,0.136413,-0.000869,0.345228,0.000000,50.000000,0.000000,53.721075,0.500000,1,10,10,44.106184
26.592285,1765097149.207197,1765097098,0.321972,0.137102,-0.000946,0.347379,0.000000,50.000000,0.000000,53.376709,0.500000,1,10,10,45.033286
26.594285,1765097149.209198,1765097098,0.321972,0.137799,-0.000946,0.346163,0.000000,50.000000,0.000000,53.376709,0.500000,1,10,10,45.957141
26.596285,1765097149.211197,1765097098,0.321972,0.138514,-0.000006,0.352587,0.000000,50.000000,0.000000,53.032343,0.500000,1,10,10,46.892066
26.598288,1765097149.213200,1765097098,0.321975,0.139244,0.000940,0.362410,0.000000,50.000000,0.000000,52.343612,0.500000,1,10,10,47.840563
26.600287,1765097149.215200,1765097098,0.321975,0.139975,0.000074,0.365220,0.000000,50.000000,0.000000,53.376709,0.500000,1,10,10,48.815275
26.602289,1765097149.217202,1765097098,0.321972,0.140713,-0.000925,0.366839,0.000000,50.000000,0.000000,51.654880,0.500000,1,10,10,49.762729
26.604290,1765097149.219203,1765097098,0.321972,0.141455,-0.000945,0.370065,0.000000,50.000000,0.000000,52.343612,0.500000,1,10,10,50.731259
26.606290,1765097149.221203,1765097098,0.321972,0.142212,0.000417,0.375401,0.000000,50.000000,0.000000,53.032343,0.500000,1,10,10,51.726679
26.608314,1765097149.223228,1765097098,0.321975,0.142980,0.000943,0.381009,0.000000,50.000000,0.000000,52.687977,0.500000,1,10,10,52.730413
26.610292,1765097149.225204,1765097098,0.321972,0.143749,-0.000786,0.383390,0.000000,50.000000,0.000000,52.687977,0.500000,1,10,10,53.740418
26.612293,1765097149.227205,1765097098,0.321972,0.144926,-0.000945,0.390740,0.000000,50.000000,0.000000,51.999246,0.500000,1,10,10,54.756331
26.614294,1765097149.229206,1765097098,0.321972,0.145323,-0.000946,0.393732,0.000000,50.000000,0.000000,51.999246,0.500000,1,10,10,55.780023
26.616295,1765097149.231208,1765097098,0.321975,0.146114,0.000896,0.395778,0.000000,50.000000,0.688732,51.654880,0.500000,1,10,10,56.802309
26.618295,1765097149.233207,1765097098,0.321975,0.146913,0.000946,0.397762,0.000000,50.000000,0.000000,51.654880,0.500000,1,10,10,57.829628
26.620296,1765097149.235209,1765097098,0.321972,0.147715,-0.000904,0.400494,0.000000,50.000000,0.000000,52.343612,0.500000,1,10,10,58.877796
26.622297,1765097149.237210,1765097098,0.321972,0.148533,-0.000946,0.405576,0.000000,50.000000,0.000000,52.343612,0.500000,1,10,10,59.939265
26.624298,1765097149.239211,1765097098,0.321972,0.149347,-0.000500,0.407660,0.000000,50.000000,0.000000,52.343612,0.500000,1,10,10,61.006186
26.626299,1765097149.241212,1765097098,0.321972,0.150157,-0.000003,0.405996,0.000000,50.000000,0.000000,52.687977,0.500000,1,10,10,62.075741
26.628301,1765097149.243212,1765097098,0.321972,0.150978,0.000000,0.408071,0.000000,50.000000,0.000000,52.343612,0.500000,1,10,10,63.143737
26.630301,1765097149.245213,1765097098,0.321972,0.151811,0.000000,0.413103,0.000000,50.000000,0.688732,50.966148,0.500000,1,10,10,64.196547
26.632301,1765097149.247214,1765097098,0.321975,0.152628,0.000946,0.412196,0.000000,50.000000,0.000000,51.310514,0.500000,1,10,10,65.254050
26.634324,1765097149.249238,1765097098,0.321975,0.153454,0.000500,0.410890,0.000000,50.000000,0.000000,51.310514,0.500000,1,10,10,66.308199
26.636304,1765097149.251217,1765097098,0.321972,0.154279,-0.000937,0.412839,0.000000,50.000000,0.000000,51.999246,0.500000,1,10,10,67.381567
26.638304,1765097149.253216,1765097098,0.321972,0.155115,-0.000500,0.415756,0.000000,50.000000,0.000000,51.999246,0.500000,1,10,10,68.462518
26.640305,1765097149.255218,1765097098,0.321972,0.155955,-0.000003,0.418449,0.000000,50.000000,0.000000,51.654880,0.500000,1,10,10,69.543264
26.642307,1765097149.257219,1765097098,0.321972,0.156788,0.000000,0.418622,0.000000,50.000000,0.000000,51.999246,0.500000,1,10,10,70.631665
26.644307,1765097149.259219,1765097098,0.321972,0.158049,0.000000,0.419978,0.000000,50.000000,0.000000,51.310514,0.500000,1,10,10,71.709128
26.646307,1765097149.261220,1765097098,0.321972,0.158473,0.000000,0.420934,0.000000,50.000000,0.688732,52.343612,0.500000,1,10,10,72.810885
26.648309,1765097149.263220,1765097098,0.321972,0.159317,0.000000,0.422204,0.000000,50.000000,0.688732,51.999246,0.500000,1,10,10,73.908695
26.650310,1765097149.265223,1765097098,0.321972,0.160172,0.000000,0.424836,0.000000,50.000000,0.000000,51.310514,0.500000,1,10,10,74.998621
26.652311,1765097149.267223,1765097098,0.321972,0.161027,0.000000,0.427174,0.000000,50.000000,0.000000,53.376709,0.500000,1,10,10,76.138678
26.654311,1765097149.269223,1765097098,0.321972,0.162299,0.000000,0.424909,0.000000,50.000000,0.000000,51.999246,0.500000,1,10,10,77.243425
26.656312,1765097149.271224,1765097098,0.321972,0.162727,0.000000,0.424809,0.000000,50.000000,0.000000,51.999246,0.500000,1,10,10,78.347912
26.658313,1765097149.273226,1765097098,0.321972,0.163594,0.000000,0.430028,0.000000,50.000000,0.000000,51.999246,0.500000,1,10,10,79.465969
26.660345,1765097149.275260,1765097098,0.321972,0.164457,0.000000,0.432770,0.000000,50.000000,0.000000,51.654880,0.500000,1,10,10,80.583704
26.662315,1765097149.277227,1765097098,0.321972,0.165320,0.000000,0.431621,0.000000,50.000000,0.000000,50.966148,0.500000,1,10,10,81.683607
26.664316,1765097149.279228,1765097098,0.321972,0.166205,0.000000,0.437086,0.000000,50.000000,0.000000,50.621782,0.500000,1,10,10,82.789909
26.666317,1765097149.281229,1765097098,0.321972,0.167095,0.000000,0.444221,0.000000,50.000000,0.000000,52.343612,0.500000,1,10,10,83.952516
26.668318,1765097149.283232,1765097098,0.321972,0.167984,0.000000,0.444394,0.000000,50.000000,0.000000,51.654880,0.500000,1,10,10,85.100271
26.670307,1765097149.285210,1765097098,0.321975,0.168874,0.000500,0.444930,0.000000,50.000000,0.000000,51.654880,0.500000,1,10,10,86.249412
26.672319,1765097149.287229,1765097098,0.321972,0.169782,-0.000869,0.449895,0.000000,50.000000,0.000000,51.999246,0.500000,1,10,10,87.419125
26.674308,1765097149.289209,1765097098,0.321972,0.170698,-0.000940,0.455585,0.000000,50.000000,0.000000,51.310514,0.500000,1,10,10,88.587942
26.676310,1765097149.291211,1765097098,0.321972,0.171618,-0.000039,0.459330,0.000000,50.000000,0.688732,52.687977,0.500000,1,10,10,89.798103
26.678322,1765097149.293234,1765097098,0.321975,0.172553,0.000935,0.464235,0.000000,50.000000,0.000000,50.621782,0.500000,1,10,10,90.973127
26.680322,1765097149.295234,1765097098,0.321975,0.173488,0.000946,0.467072,0.000000,50.000000,0.000000,51.999246,0.500000,1,10,10,92.187498
26.682323,1765097149.297235,1765097098,0.321972,0.174430,-0.000934,0.468940,0.000000,50.000000,0.000000,51.310514,0.500000,1,10,10,93.390577
26.684323,1765097149.299233,1765097098,0.321972,0.175392,-0.000946,0.475868,0.000000,50.000000,0.000000,51.654880,0.500000,1,10,10,94.619625
26.686345,1765097149.301260,1765097098,0.321975,0.176361,0.000732,0.482684,0.000000,50.000000,0.000000,51.999246,0.500000,1,10,10,95.874588
26.688325,1765097149.303237,1765097098,0.321975,0.177326,0.000945,0.482851,0.000000,50.000000,0.000000,50.966148,0.500000,1,10,10,97.105042
26.690326,1765097149.305237,1765097098,0.321975,0.178299,-0.000372,0.485420,0.000000,50.000000,0.688732,50.277416,0.500000,1,10,10,98.325440
26.692327,1765097149.307239,1765097098,0.321972,0.179287,-0.000943,0.491856,0.000000,50.000000,0.000000,50.621782,0.500000,1,10,10,99.570374
26.694327,1765097149.309240,1765097098,0.321975,0.180278,0.000868,0.494843,0.000000,50.000000,0.000000,50.966148,0.500000,1,10,10,100.831389
26.696328,1765097149.311242,1765097098,0.321975,0.181281,0.000940,0.498066,0.000000,50.000000,0.000000,50.966148,0.500000,1,10,10,102.100616
26.698330,1765097149.313242,1765097098,0.321975,0.182288,0.000500,0.502568,0.000000,50.000000,0.000000,51.310514,0.500000,1,10,10,103.389968
26.700331,1765097149.315244,1765097098,0.321975,0.183299,0.000003,0.504884,0.000000,50.000000,0.000000,49.933050,0.500000,1,10,10,104.650489
26.702330,1765097149.317243,1765097098,0.321975,0.184317,0.000000,0.507496,0.000000,50.000000,0.000000,50.966148,0.500000,1,10,10,105.943744
26.704332,1765097149.319243,1765097098,0.321975,0.185346,0.000000,0.511105,0.000000,50.000000,0.000000,51.310514,0.500000,1,10,10,107.254996
26.706333,1765097149.321245,1765097098,0.321975,0.186368,0.000000,0.512814,0.000000,50.000000,0.000000,51.654880,0.500000,1,10,10,108.579462
26.708334,1765097149.323246,1765097098,0.321972,0.187402,-0.000940,0.514002,0.000000,50.000000,0.000000,50.277416,0.500000,1,10,10,109.871598
26.710335,1765097149.325247,1765097098,0.321972,0.188443,-0.000946,0.518604,0.000000,50.000000,0.000000,50.966148,0.500000,1,10,10,111.193164
26.712357,1765097149.327272,1765097098,0.321975,0.189487,0.000925,0.521335,0.000000,50.000000,0.000000,49.933050,0.500000,1,10,10,112.494759
26.714336,1765097149.329247,1765097098,0.321975,0.190528,0.000946,0.521128,0.000000,50.000000,0.000000,50.966148,0.500000,1,10,10,113.822754
26.716336,1765097149.331249,1765097098,0.321975,0.191569,0.000264,0.520698,0.000000,50.000000,0.000000,49.244319,0.500000,1,10,10,115.104825
26.718338,1765097149.333250,1765097098,0.321972,0.192610,-0.000934,0.520839,0.000000,50.000000,0.000000,50.966148,0.500000,1,10,10,116.432084
26.720339,1765097149.335250,1765097098,0.321972,0.193666,-0.000946,0.524600,0.000000,50.000000,0.000000,49.933050,0.500000,1,10,10,117.741831
26.722340,1765097149.337252,1765097098,0.321975,0.194718,0.000944,0.527494,0.000000,50.000000,0.000000,51.310514,0.500000,1,10,10,119.095133
26.724340,1765097149.339252,1765097098,0.321975,0.196289,-0.000417,0.524139,0.000000,50.000000,0.000000,50.277416,0.500000,1,10,10,120.412752
26.726342,1765097149.341254,1765097098,0.321972,0.196815,-0.000905,0.524157,0.000000,50.000000,0.000000,50.277416,0.500000,1,10,10,121.730416
26.728342,1765097149.343254,1765097098,0.321972,0.197879,-0.000946,0.528186,0.000000,50.000000,0.000000,49.933050,0.500000,1,10,10,123.049114
26.730342,1765097149.345255,1765097098,0.321975,0.198942,0.000786,0.531560,0.000000,50.000000,0.000000,50.621782,0.500000,1,10,10,124.394542
26.732344,1765097149.347256,1765097098,0.321975,0.200006,0.000946,0.531781,0.000000,50.000000,0.000000,50.966148,0.500000,1,10,10,125.749685
26.734345,1765097149.349258,1765097098,0.321975,0.201051,0.000011,0.526556,0.000000,50.000000,0.000000,50.277416,0.500000,1,10,10,127.073377
26.736345,1765097149.351257,1765097098,0.321972,0.202629,-0.000925,0.524537,0.000000,50.000000,0.000000,50.277416,0.500000,1,10,10,128.391999
26.738367,1765097149.353281,1765097098,0.321972,0.203163,-0.000945,0.528503,0.000000,50.000000,0.000000,49.588685,0.500000,1,10,10,129.702388
26.740347,1765097149.355260,1765097098,0.321972,0.204249,-0.000265,0.537584,0.000000,50.000000,0.000000,49.933050,0.500000,1,10,10,131.044549
26.742347,1765097149.357259,1765097098,0.321975,0.205320,0.000805,0.539335,0.000000,50.000000,0.688732,50.966148,0.500000,1,10,10,132.419068
26.744348,1765097149.359261,1765097098,0.321975,0.206391,0.000946,0.536461,0.000000,50.000000,0.000000,49.933050,0.500000,1,10,10,133.758428
26.746349,1765097149.361261,1765097098,0.321975,0.207462,0.000011,0.535614,0.000000,50.000000,0.000000,49.933050,0.500000,1,10,10,135.095670
26.748350,1765097149.363262,1765097098,0.321975,0.208549,0.000001,0.538911,0.000000,50.000000,0.000000,49.933050,0.500000,1,10,10,136.441143
26.750351,1765097149.365263,1765097098,0.321975,0.209639,0.000000,0.543704,0.000000,50.000000,0.688732,50.966148,0.500000,1,10,10,137.826794
26.752351,1765097149.367263,1765097098,0.321975,0.210733,0.000000,0.545974,0.000000,50.000000,0.000000,49.933050,0.500000,1,10,10,139.189902
26.754352,1765097149.369264,1765097098,0.321972,0.211827,-0.000943,0.546866,0.000000,50.000000,0.000000,50.621782,0.500000,1,10,10,140.574070
26.756353,1765097149.371265,1765097098,0.321975,0.212932,0.000407,0.549865,0.000000,50.000000,0.000000,50.621782,0.500000,1,10,10,141.965828
26.758354,1765097149.373266,1765097098,0.321975,0.214048,0.000904,0.555884,0.000000,50.000000,0.000000,50.966148,0.500000,1,10,10,143.382393
26.760355,1765097149.375267,1765097098,0.321975,0.215173,0.000500,0.560390,0.000000,50.000000,0.000000,49.588685,0.500000,1,10,10,144.771843
26.762356,1765097149.377269,1765097098,0.321975,0.216301,0.000003,0.563289,0.000000,50.000000,0.688732,50.277416,0.500000,1,10,10,146.188010
26.764379,1765097149.379293,1765097098,0.321972,0.217432,-0.000925,0.565321,0.000000,50.000000,-0.688732,49.244319,0.500000,1,10,10,147.580092
26.766357,1765097149.381269,1765097098,0.321975,0.219147,-0.000021,0.570375,0.000000,50.000000,0.000000,49.588685,0.500000,1,10,10,148.994299
26.768358,1765097149.383270,1765097098,0.321975,0.219715,0.000680,0.571134,0.000000,50.000000,0.000000,50.277416,0.500000,1,10,10,150.430058
26.770359,1765097149.385270,1765097098,0.321975,0.220869,0.000263,0.574501,0.000000,50.000000,0.000000,49.588685,0.500000,1,10,10,151.854497
26.772359,1765097149.387269,1765097098,0.321975,0.222039,0.000001,0.581022,0.000000,50.000000,0.000000,50.621782,0.500000,1,10,10,153.325114
26.774349,1765097149.389250,1765097098,0.321972,0.223216,-0.000264,0.586643,0.000000,50.000000,0.000000,49.933050,0.500000,1,10,10,154.789758
26.776350,1765097149.391250,1765097098,0.321975,0.224397,0.000805,0.589911,0.000000,50.000000,0.000000,49.933050,0.500000,1,10,10,156.262563
26.778362,1765097149.393270,1765097098,0.321975,0.226164,0.000264,0.589542,0.000000,50.000000,0.000000,50.277416,0.500000,1,10,10,157.744596
26.780363,1765097149.395275,1765097098,0.321975,0.226762,0.000020,0.591077,0.000000,50.000000,0.000000,49.933050,0.500000,1,10,10,159.220310
26.782363,1765097149.397271,1765097098,0.321975,0.227959,0.000000,0.595429,0.000000,50.000000,0.000000,50.277416,0.500000,1,10,10,160.717143
26.784365,1765097149.399278,1765097098,0.321975,0.229158,-0.000028,0.599370,0.000000,50.000000,0.000000,49.588685,0.500000,1,10,10,162.203241
26.786366,1765097149.401274,1765097098,0.321975,0.230358,-0.000085,0.600582,0.000000,50.000000,0.000000,49.244319,0.500000,1,10,10,163.682004
26.788366,1765097149.403278,1765097098,0.321972,0.232179,-0.000941,0.604815,0.000000,50.000000,0.000000,49.933050,0.500000,1,10,10,165.192019
26.790390,1765097149.405304,1765097098,0.321972,0.232784,-0.000946,0.606228,0.000000,50.000000,0.000000,49.933050,0.500000,1,10,10,166.705561
26.792368,1765097149.407280,1765097098,0.321975,0.233999,0.000767,0.607047,0.000000,50.000000,0.688732,49.244319,0.500000,1,10,10,168.200390
26.794369,1765097149.409281,1765097098,0.321975,0.235203,0.000945,0.604244,0.000000,50.000000,0.000000,48.899953,0.500000,1,10,10,169.677767
26.796358,1765097149.411259,1765097098,0.321972,0.236411,-0.000915,0.603232,0.000000,50.000000,0.000000,49.933050,0.500000,1,10,10,171.183830
26.798359,1765097149.413261,1765097098,0.321972,0.237626,-0.000946,0.605560,0.000000,50.000000,0.000000,49.588685,0.500000,1,10,10,172.685279
26.800359,1765097149.415261,1765097098,0.321972,0.238837,-0.000265,0.606113,0.000000,50.000000,0.000000,49.933050,0.500000,1,10,10,174.198532
26.802361,1765097149.417263,1765097098,0.321972,0.240048,-0.000002,0.605611,0.000000,50.000000,0.000000,48.555587,0.500000,1,10,10,175.668822
26.804360,1765097149.419262,1765097098,0.321972,0.241259,0.000000,0.605562,0.000000,50.000000,0.000000,49.244319,0.500000,1,10,10,177.159845
26.806361,1765097149.421264,1765097098,0.321972,0.242478,0.000000,0.607421,0.000000,50.000000,0.000000,48.555587,0.500000,1,10,10,178.634529
26.808363,1765097149.423266,1765097098,0.321972,0.243693,0.000000,0.608454,0.000000,50.000000,0.000000,50.277416,0.500000,1,10,10,180.164103
26.810363,1765097149.425267,1765097098,0.321972,0.245510,0.000000,0.605778,0.000000,50.000000,0.000000,49.244319,0.500000,1,10,10,181.655660
26.812364,1765097149.427266,1765097098,0.321972,0.246115,0.000000,0.605621,0.000000,50.000000,0.000000,48.211221,0.500000,1,10,10,183.115547
26.814365,1765097149.429268,1765097098,0.321972,0.247330,0.000000,0.607197,0.000000,50.000000,0.000000,49.588685,0.500000,1,10,10,184.621052
26.816384,1765097149.431288,1765097098,0.321972,0.248549,0.000000,0.608369,0.000000,50.000000,0.000000,49.244319,0.500000,1,10,10,186.118989
26.818382,1765097149.433311,1765097098,0.321975,0.249764,0.000944,0.608481,0.000000,50.000000,0.000000,49.588685,0.500000,1,10,10,187.627681
26.820381,1765097149.435341,1765097098,0.321975,0.250983,-0.000182,0.608883,0.000000,50.000000,0.000000,49.588685,0.500000,1,10,10,189.137366
26.822359,1765097149.437303,1765097098,0.321972,0.252213,-0.000887,0.612045,0.000000,50.000000,0.000000,49.244319,0.500000,1,10,10,190.644356
26.824290,1765097149.439126,1765097098,0.321972,0.253436,-0.000946,0.612379,0.000000,50.000000,0.000000,49.244319,0.500000,1,10,10,192.152168
26.826291,1765097149.441126,1765097098,0.321975,0.254662,0.000869,0.612823,0.000000,50.000000,0.000000,49.244319,0.500000,1,10,10,193.661071
26.828290,1765097149.443126,1765097098,0.321975,0.255896,0.000940,0.615301,0.000000,50.000000,0.000000,49.588685,0.500000,1,10,10,195.186670
26.830308,1765097149.445150,1765097098,0.321975,0.257141,0.000946,0.620489,0.000000,50.000000,0.000000,49.244319,0.500000,1,10,10,196.714449
26.832304,1765097149.447146,1765097098,0.321972,0.258394,-0.000935,0.624195,0.000000,50.000000,0.000000,49.588685,0.500000,1,10,10,198.262101
26.834305,1765097149.449149,1765097098,0.321975,0.259639,0.000852,0.624531,0.000000,50.000000,0.000000,48.899953,0.500000,1,10,10,199.789081
26.836309,1765097149.451154,1765097098,0.321975,0.261528,0.000946,0.628315,0.000000,50.000000,0.000000,48.899953,0.500000,1,10,10,201.325311
26.838308,1765097149.453154,1765097098,0.321975,0.262164,0.000264,0.631124,0.000000,50.000000,0.000000,49.588685,0.500000,1,10,10,202.890142
26.840310,1765097149.455157,1765097098,0.321975,0.263440,0.000001,0.636220,0.000000,50.000000,-0.688732,49.244319,0.500000,1,10,10,204.456806
26.842323,1765097149.457174,1765097098,0.321975,0.264711,0.000000,0.636831,0.000000,50.000000,0.000000,48.211221,0.500000,1,10,10,205.991926
26.844315,1765097149.459166,1765097098,0.321975,0.265991,0.000000,0.638115,0.000000,50.000000,0.688732,48.555587,0.500000,1,10,10,207.541285
26.846315,1765097149.461167,1765097098,0.321975,0.267936,0.000000,0.646343,0.000000,50.000000,0.000000,48.555587,0.500000,1,10,10,209.110463
26.848318,1765097149.463171,1765097098,0.321975,0.268587,0.000000,0.648727,0.000000,50.000000,0.000000,48.899953,0.500000,1,10,10,210.696599
26.850321,1765097149.465176,1765097098,0.321975,0.269893,0.000000,0.651562,0.000000,50.000000,0.000000,49.244319,0.500000,1,10,10,212.300886
26.852322,1765097149.467179,1765097098,0.321975,0.271199,0.000000,0.652779,0.000000,50.000000,0.000000,48.211221,0.500000,1,10,10,213.874450
26.854324,1765097149.469182,1765097098,0.321975,0.272516,0.000000,0.655445,0.000000,50.000000,0.688732,48.211221,0.500000,1,10,10,215.454600
26.856326,1765097149.471186,1765097098,0.321972,0.273837,-0.000806,0.659725,0.000000,50.000000,0.000000,47.522489,0.500000,1,10,10,217.022189
26.858327,1765097149.473187,1765097098,0.321972,0.275162,-0.000945,0.661424,0.000000,50.000000,0.000000,48.211221,0.500000,1,10,10,218.616595
26.860329,1765097149.475192,1765097098,0.321972,0.276483,0.000542,0.661001,0.000000,50.000000,0.000000,48.899953,0.500000,1,10,10,220.232742
26.862332,1765097149.477197,1765097098,0.321975,0.277804,0.000946,0.660887,0.000000,50.000000,0.000000,47.866855,0.500000,1,10,10,221.814473
26.864332,1765097149.479197,1765097098,0.321975,0.279136,0.000264,0.663478,0.000000,50.000000,0.000000,48.899953,0.500000,1,10,10,223.436675
26.866336,1765097149.481204,1765097098,0.321975,0.280476,-0.000444,0.667985,0.000000,50.000000,0.000000,48.555587,0.500000,1,10,10,225.058396
26.868350,1765097149.483222,1765097098,0.321972,0.281812,-0.000497,0.669121,0.000000,50.000000,0.688732,48.211221,0.500000,1,10,10,226.671518
26.870340,1765097149.485211,1765097098,0.321975,0.283145,0.000443,0.667161,0.000000,50.000000,0.000000,48.555587,0.500000,1,10,10,228.291238
26.872344,1765097149.487218,1765097098,0.321975,0.284481,-0.000407,0.666996,0.000000,50.000000,0.000000,48.899953,0.500000,1,10,10,229.922042
26.874345,1765097149.489218,1765097098,0.321972,0.285824,-0.000904,0.670233,0.000000,50.000000,0.000000,47.866855,0.500000,1,10,10,231.526140
26.876350,1765097149.491228,1765097098,0.321972,0.287172,-0.000946,0.672579,0.000000,50.000000,0.000000,49.588685,0.500000,1,10,10,233.193758
26.878350,1765097149.493228,1765097098,0.321972,0.288516,-0.000039,0.672858,0.000000,50.000000,0.000000,48.555587,0.500000,1,10,10,234.827308
26.880351,1765097149.495229,1765097098,0.321972,0.289863,0.000000,0.673354,0.000000,50.000000,0.000000,47.522489,0.500000,1,10,10,236.427281
26.882351,1765097149.497229,1765097098,0.321972,0.291888,0.000000,0.674628,0.000000,50.000000,0.000000,48.555587,0.500000,1,10,10,238.065129
26.884357,1765097149.499239,1765097098,0.321972,0.292562,0.000000,0.674681,0.000000,50.000000,0.000000,47.522489,0.500000,1,10,10,239.668255
26.886357,1765097149.501240,1765097098,0.321975,0.293917,0.000872,0.675986,0.000000,50.000000,0.000000,48.555587,0.500000,1,10,10,241.309400
26.888358,1765097149.503240,1765097098,0.321975,0.295272,0.000946,0.677266,0.000000,50.000000,0.000000,48.899953,0.500000,1,10,10,242.965315
26.890365,1765097149.505254,1765097098,0.321972,0.296627,-0.000939,0.677458,0.000000,50.000000,0.000000,47.866855,0.500000,1,10,10,244.586706
26.892366,1765097149.507255,1765097098,0.321972,0.297978,-0.000946,0.677057,0.000000,50.000000,-0.688732,47.866855,0.500000,1,10,10,246.207306
26.894383,1765097149.509272,1765097098,0.321972,0.299337,-0.000021,0.677584,0.000000,50.000000,0.000000,49.244319,0.500000,1,10,10,247.875665
26.896366,1765097149.511254,1765097098,0.321975,0.300700,0.000925,0.680054,0.000000,50.000000,0.000000,48.211221,0.500000,1,10,10,249.514978
26.898368,1765097149.513256,1765097098,0.321972,0.302062,0.000074,0.681269,0.000000,50.000000,0.000000,48.899953,0.500000,1,10,10,251.180679
26.900375,1765097149.515270,1765097098,0.321972,0.303425,-0.000945,0.681309,0.000000,50.000000,0.000000,48.899953,0.500000,1,10,10,252.846480
26.902376,1765097149.517270,1765097098,0.321972,0.304791,-0.000074,0.682235,0.000000,50.000000,0.000000,47.178124,0.500000,1,10,10,254.455808
26.904377,1765097149.519271,1765097098,0.321975,0.306158,0.000872,0.683844,0.000000,50.000000,-0.688732,48.899953,0.500000,1,10,10,256.127972
26.906377,1765097149.521271,1765097098,0.321975,0.307532,0.000500,0.685425,0.000000,50.000000,0.000000,48.211221,0.500000,1,10,10,257.780231
26.908377,1765097149.523273,1765097098,0.321972,0.308906,-0.000869,0.686451,0.000000,50.000000,0.000000,48.211221,0.500000,1,10,10,259.434963
26.910378,1765097149.525272,1765097098,0.321972,0.310276,-0.000039,0.685602,0.000000,50.000000,0.344366,48.211221,0.500000,1,10,10,261.087692
26.912378,1765097149.527274,1765097098,0.321975,0.311646,0.000803,0.685332,0.000000,50.000000,0.000000,48.211221,0.500000,1,10,10,262.739727
26.914388,1765097149.529292,1765097098,0.321975,0.313028,0.000945,0.689006,0.000000,50.000000,0.000000,48.211221,0.500000,1,10,10,264.400620
26.916388,1765097149.531292,1765097098,0.321975,0.314409,0.000140,0.690153,0.000000,0.000000,0.000000,48.555587,0.500000,1,10,10,266.076159
33.966589,1765097156.581550,1765097098,0.321896,0.105024,-0.000446,0.000000,0.000000,50.000000,-1.721829,-2.754927,0.500000,1,10,10,0.000000
33.968625,1765097156.583513,1765097098,0.321892,0.105024,-0.000500,0.000000,0.000000,50.000000,-1.721829,-2.410561,0.500000,1,10,10,0.000000
33.970641,1765097156.585531,1765097098,0.321896,0.105024,0.000867,0.000000,0.000000,50.000000,-1.721829,6.198586,0.500000,1,10,10,0.000000
33.972627,1765097156.587515,1765097098,0.321896,0.105028,0.000943,0.002380,0.000000,50.000000,0.000000,45.456294,0.500000,1,10,10,0.000000
33.974771,1765097156.589880,1765097098,0.321896,0.105122,0.000074,0.028641,0.000000,50.000000,0.000000,47.522489,0.500000,1,10,10,0.000000
33.976751,1765097156.591849,1765097098,0.321900,0.105240,0.000943,0.053552,0.000000,50.000000,0.000000,49.244319,0.500000,1,10,10,0.000000
33.978775,1765097156.593896,1765097098,0.321903,0.105270,0.000985,0.032812,0.000000,50.000000,0.000000,49.588685,0.500000,1,10,10,0.000000
33.980582,1765097156.595429,1765097098,0.321903,0.105270,0.000140,0.006568,0.000000,50.000000,0.000000,55.787270,0.500000,1,10,10,0.000000
33.982582,1765097156.597430,1765097098,0.321903,0.105338,0.000001,0.020617,0.000000,50.000000,0.000000,49.588685,0.500000,1,10,10,0.000000
33.984583,1765097156.599432,1765097098,0.321907,0.105470,0.000907,0.052382,0.000000,50.000000,0.000000,50.277416,0.500000,1,10,10,0.000000
33.986581,1765097156.601426,1765097098,0.321911,0.105569,0.001752,0.055683,0.000000,50.000000,0.000000,49.933050,0.500000,1,10,10,0.000000
33.988577,1765097156.603418,1765097098,0.321911,0.105633,0.000985,0.039787,0.000000,50.000000,0.000000,49.588685,0.500000,1,10,10,0.000000
33.990567,1765097156.605399,1765097098,0.321911,0.105679,0.000952,0.038382,0.000000,50.000000,0.344366,56.131636,0.500000,1,10,10,0.000000
33.992580,1765097156.607420,1765097098,0.321907,0.105906,-0.000500,0.070521,0.000000,50.000000,0.688732,57.509099,0.500000,1,10,10,0.000000
33.994580,1765097156.609420,1765097098,0.321911,0.106103,0.001604,0.067859,0.000000,50.000000,0.000000,49.588685,0.500000,1,10,10,0.000000
33.996589,1765097156.611431,1765097098,0.321915,0.106148,0.001881,0.059008,0.000000,50.000000,0.000000,54.065441,0.500000,1,10,10,0.000000
33.998578,1765097156.613417,1765097098,0.321915,0.106280,0.000985,0.060200,0.000000,50.000000,0.344366,56.131636,0.500000,1,10,10,0.000000
34.000581,1765097156.615421,1765097098,0.321915,0.106473,0.000011,0.083451,0.000000,50.000000,0.000000,57.164734,0.500000,1,10,10,0.000000
34.002580,1765097156.617419,1765097098,0.321915,0.106655,0.000000,0.093045,0.000000,50.000000,0.000000,57.509099,0.500000,1,10,10,0.000000
34.004584,1765097156.619427,1765097098,0.321911,0.106807,-0.000946,0.082264,0.000000,50.000000,0.000000,56.476002,0.500000,1,10,10,0.000000
34.006585,1765097156.621431,1765097098,0.321911,0.106969,-0.000946,0.078913,0.000000,50.000000,0.000000,56.131636,0.500000,1,10,10,0.000000
34.008588,1765097156.623434,1765097098,0.321911,0.107170,-0.000003,0.093130,0.000000,50.000000,0.000000,56.131636,0.500000,1,10,10,0.000000
34.010588,1765097156.625435,1765097098,0.321911,0.107393,0.000682,0.106587,0.000000,50.000000,0.000000,56.820368,0.500000,1,10,10,3.057989
34.012590,1765097156.627438,1765097098,0.321915,0.107601,0.001752,0.106802,0.000000,50.000000,0.000000,56.820368,0.500000,1,10,10,3.361455
34.014594,1765097156.629441,1765097098,0.321919,0.107802,0.000967,0.102447,0.000000,50.000000,0.000000,56.476002,0.500000,1,10,10,3.650758
34.016593,1765097156.631443,1765097098,0.321919,0.108018,0.000141,0.104322,0.000000,50.000000,0.000000,56.131636,0.500000,1,10,10,3.943547
34.018594,1765097156.633448,1765097098,0.321915,0.108249,-0.000871,0.112427,0.000000,50.000000,0.688732,56.131636,0.500000,1,10,10,4.259117
34.020594,1765097156.635445,1765097098,0.321915,0.108491,-0.000946,0.118571,0.000000,50.000000,0.000000,55.787270,0.500000,1,10,10,4.589866
34.022607,1765097156.637459,1765097098,0.321915,0.108729,-0.000006,0.119469,0.000000,50.000000,0.000000,56.131636,0.500000,1,10,10,4.925165
34.024598,1765097156.639452,1765097098,0.321915,0.108964,-0.000000,0.119040,0.000000,50.000000,0.000000,56.820368,0.500000,1,10,10,5.263360
34.026596,1765097156.641448,1765097098,0.321915,0.109210,0.000000,0.121263,0.000000,50.000000,0.000000,55.787270,0.500000,1,10,10,5.601605
34.028596,1765097156.643448,1765097098,0.321915,0.109464,0.000806,0.125861,0.000000,50.000000,0.000000,56.131636,0.500000,1,10,10,5.954850
34.030603,1765097156.645463,1765097098,0.321919,0.109729,0.000946,0.130142,0.000000,50.000000,0.000000,56.131636,0.500000,1,10,10,6.320115
34.032580,1765097156.647422,1765097098,0.321915,0.110005,-0.000733,0.135778,0.000000,50.000000,0.000000,56.131636,0.500000,1,10,10,6.701193
34.034579,1765097156.649421,1765097098,0.321915,0.110289,-0.000944,0.140561,0.000000,50.000000,0.344366,55.787270,0.500000,1,10,10,7.093284
34.036578,1765097156.651420,1765097098,0.321915,0.110580,-0.000074,0.143644,0.000000,50.000000,0.000000,56.131636,0.500000,1,10,10,7.496434
34.038579,1765097156.653424,1765097098,0.321915,0.110876,-0.000001,0.147430,0.000000,50.000000,0.000000,55.442904,0.500000,1,10,10,7.905131
34.040581,1765097156.655426,1765097098,0.321915,0.111186,0.000000,0.152128,0.000000,50.000000,0.344366,55.787270,0.500000,1,10,10,8.329479
34.042583,1765097156.657430,1765097098,0.321915,0.111674,0.000000,0.161735,0.000000,50.000000,0.000000,55.442904,0.500000,1,10,10,8.777831
34.044584,1765097156.659434,1765097098,0.321915,0.111841,0.000000,0.164165,0.000000,50.000000,0.000000,55.442904,0.500000,1,10,10,9.232921
34.046598,1765097156.661461,1765097098,0.321919,0.112185,0.000806,0.169559,0.000000,50.000000,0.000000,55.787270,0.500000,1,10,10,9.705889
34.048602,1765097156.663460,1765097098,0.321915,0.112541,0.000010,0.175902,0.000000,50.000000,0.344366,55.787270,0.500000,1,10,10,10.196552
34.050591,1765097156.665449,1765097098,0.321915,0.112908,-0.000134,0.181977,0.000000,50.000000,0.000000,55.442904,0.500000,1,10,10,10.701018
34.052749,1765097156.667777,1765097098,0.321915,0.113287,-0.000001,0.186655,0.000000,50.000000,0.000000,54.409807,0.500000,1,10,10,11.208810
34.054754,1765097156.669792,1765097098,0.321915,0.113673,0.000682,0.191318,0.000000,50.000000,0.000000,55.098538,0.500000,1,10,10,11.735880
34.056883,1765097156.671866,1765097098,0.321919,0.114074,0.000945,0.197666,0.000000,50.000000,0.000000,55.098538,0.500000,1,10,10,12.280441
34.058687,1765097156.673532,1765097098,0.321919,0.114486,0.000140,0.204412,0.000000,50.000000,0.000000,55.098538,0.500000,1,10,10,12.843581
34.060691,1765097156.675538,1765097098,0.321915,0.114910,-0.000935,0.209689,0.000000,50.000000,0.000000,54.754173,0.500000,1,10,10,13.417653
34.062688,1765097156.677534,1765097098,0.321915,0.115338,-0.000946,0.213168,0.000000,50.000000,0.000000,54.409807,0.500000,1,10,10,13.997580
34.064697,1765097156.679539,1765097098,0.321915,0.115777,0.000732,0.216901,0.000000,50.000000,0.000000,54.065441,0.500000,1,10,10,14.583927
34.066701,1765097156.681546,1765097098,0.321919,0.116235,0.000944,0.224957,0.000000,50.000000,0.000000,53.721075,0.500000,1,10,10,15.188178
34.068688,1765097156.683525,1765097098,0.321915,0.116712,-0.000608,0.235639,0.000000,50.000000,0.688732,54.409807,0.500000,1,10,10,15.829286
34.070687,1765097156.685524,1765097098,0.321919,0.117204,0.000444,0.243209,0.000000,50.000000,0.000000,55.098538,0.500000,1,10,10,16.499310
34.072688,1765097156.687527,1765097098,0.321919,0.117946,0.000494,0.247196,0.000000,50.000000,0.000000,54.065441,0.500000,1,10,10,17.167550
34.074720,1765097156.689574,1765097098,0.321919,0.118196,0.000039,0.247798,0.000000,50.000000,0.000000,54.065441,0.500000,1,10,10,17.837416
34.076712,1765097156.691567,1765097098,0.321915,0.118699,-0.000872,0.251126,0.000000,50.000000,0.000000,54.409807,0.500000,1,10,10,18.520605
34.078714,1765097156.693571,1765097098,0.321915,0.119233,-0.000499,0.260006,0.000000,50.000000,0.000000,54.409807,0.500000,1,10,10,19.227951
34.080714,1765097156.695571,1765097098,0.321919,0.119774,0.000871,0.269253,0.000000,50.000000,0.000000,53.721075,0.500000,1,10,10,19.951182
34.082717,1765097156.697575,1765097098,0.321919,0.120323,0.000021,0.273171,0.000000,50.000000,0.000000,53.376709,0.500000,1,10,10,20.680230
34.084719,1765097156.699579,1765097098,0.321919,0.120876,-0.000806,0.275281,0.000000,50.000000,0.000000,54.065441,0.500000,1,10,10,21.424391
34.086721,1765097156.701584,1765097098,0.321915,0.121432,-0.000925,0.277851,0.000000,50.000000,0.000000,54.065441,0.500000,1,10,10,22.175503
34.088722,1765097156.703584,1765097098,0.321915,0.121992,-0.000140,0.278594,0.000000,50.000000,0.000000,53.721075,0.500000,1,10,10,22.923823
34.090725,1765097156.705590,1765097098,0.321919,0.122549,0.000924,0.279580,0.000000,50.000000,0.000000,53.721075,0.500000,1,10,10,23.674795
34.092730,1765097156.707599,1765097098,0.321919,0.123128,0.000011,0.285269,0.000000,50.000000,0.000000,55.098538,0.500000,1,10,10,24.460691
34.094710,1765097156.709563,1765097098,0.321919,0.123718,0.000000,0.292006,0.000000,50.000000,0.000000,54.409807,0.500000,1,10,10,25.255091
34.096719,1765097156.711580,1765097098,0.321919,0.124294,0.000000,0.290692,0.000000,50.000000,0.000000,54.065441,0.500000,1,10,10,26.040910
34.098715,1765097156.713577,1765097098,0.321919,0.124857,0.000000,0.284671,0.000000,50.000000,0.000000,54.065441,0.500000,1,10,10,26.810453
34.100728,1765097156.715587,1765097098,0.321919,0.125437,0.000000,0.286444,0.000000,50.000000,0.000000,54.065441,0.500000,1,10,10,27.584790
34.102713,1765097156.717568,1765097098,0.321915,0.126038,-0.000925,0.297642,0.000000,50.000000,0.000000,53.376709,0.500000,1,10,10,28.379151
34.104745,1765097156.719623,1765097098,0.321919,0.126644,0.000440,0.301953,0.000000,50.000000,0.000000,53.376709,0.500000,1,10,10,29.185016
34.106713,1765097156.721567,1765097098,0.321919,0.127238,0.000907,0.300145,0.000000,50.000000,0.000000,53.376709,0.500000,1,10,10,29.986057
34.108763,1765097156.723652,1765097098,0.321919,0.127836,-0.000372,0.298159,0.000000,50.000000,0.000000,53.376709,0.500000,1,10,10,30.781794
34.110744,1765097156.725634,1765097098,0.321915,0.128431,-0.000944,0.298055,0.000000,50.000000,0.000000,52.343612,0.500000,1,10,10,31.561861
34.112719,1765097156.727578,1765097098,0.321915,0.129032,-0.000265,0.300073,0.000000,50.000000,0.000000,54.065441,0.500000,1,10,10,32.373039
34.114719,1765097156.729579,1765097098,0.321915,0.129653,0.000806,0.305733,0.000000,50.000000,0.000000,53.721075,0.500000,1,10,10,33.194257
34.116717,1765097156.731575,1765097098,0.321919,0.130577,0.000944,0.307734,0.000000,50.000000,0.000000,54.065441,0.500000,1,10,10,34.026151
34.118717,1765097156.733574,1765097098,0.321919,0.130876,0.000264,0.304981,0.000000,50.000000,0.000000,53.721075,0.500000,1,10,10,34.845345
34.120718,1765097156.735575,1765097098,0.321915,0.131478,-0.000934,0.301555,0.000000,50.000000,0.000000,53.032343,0.500000,1,10,10,35.644957
34.122720,1765097156.737580,1765097098,0.321915,0.132102,-0.000140,0.307876,0.000000,50.000000,0.000000,53.032343,0.500000,1,10,10,36.461327
34.124721,1765097156.739582,1765097098,0.321915,0.132742,-0.000001,0.316394,0.000000,50.000000,0.000000,52.687977,0.500000,1,10,10,37.294836
34.126737,1765097156.741610,1765097098,0.321915,0.133381,0.000000,0.319777,0.000000,50.000000,0.000000,53.376709,0.500000,1,10,10,38.148269
34.128723,1765097156.743586,1765097098,0.321915,0.134017,0.000000,0.318929,0.000000,50.000000,0.000000,53.721075,0.500000,1,10,10,39.004929
34.130726,1765097156.745589,1765097098,0.321915,0.134657,0.000446,0.319308,0.000000,50.000000,0.688732,53.376709,0.500000,1,10,10,39.857183
34.132726,1765097156.747589,1765097098,0.321919,0.135312,0.000944,0.324482,0.000000,50.000000,0.000000,53.032343,0.500000,1,10,10,40.717589
34.134724,1765097156.749584,1765097098,0.321919,0.135986,-0.000417,0.333595,0.000000,50.000000,0.000000,54.409807,0.500000,1,10,10,41.625132
34.136723,1765097156.751583,1765097098,0.321915,0.136671,-0.000946,0.340014,0.000000,50.000000,0.000000,53.721075,0.500000,1,10,10,42.538430
34.138726,1765097156.753589,1765097098,0.321915,0.137344,0.000786,0.339043,0.000000,50.000000,0.000000,53.032343,0.500000,1,10,10,43.437446
34.140725,1765097156.755585,1765097098,0.321919,0.138033,0.000922,0.341605,0.000000,50.000000,0.000000,53.032343,0.500000,1,10,10,44.343254
34.142725,1765097156.757584,1765097098,0.321919,0.138745,0.000946,0.351068,0.000000,50.000000,0.688732,52.687977,0.500000,1,10,10,45.268190
34.144728,1765097156.759606,1765097098,0.321919,0.139464,0.000001,0.357660,0.000000,50.000000,0.000000,53.032343,0.500000,1,10,10,46.216568
34.146728,1765097156.761591,1765097098,0.321919,0.140550,0.000000,0.361799,0.000000,50.000000,0.000000,52.687977,0.500000,1,10,10,47.169691
34.148729,1765097156.763593,1765097098,0.321919,0.140917,0.000000,0.363622,0.000000,50.000000,0.000000,50.966148,0.500000,1,10,10,48.096312
34.150729,1765097156.765593,1765097098,0.321919,0.141652,0.000000,0.367722,0.000000,50.000000,0.000000,52.687977,0.500000,1,10,10,49.065038
34.152743,1765097156.767621,1765097098,0.321919,0.142405,0.000000,0.372862,0.000000,50.000000,0.344366,52.343612,0.500000,1,10,10,50.040906
34.154730,1765097156.769595,1765097098,0.321919,0.143548,0.000000,0.380199,0.000000,50.000000,0.000000,52.687977,0.500000,1,10,10,51.042501
34.156731,1765097156.771597,1765097098,0.321919,0.143930,0.000000,0.382382,0.000000,50.000000,0.000000,52.687977,0.500000,1,10,10,52.049848
34.158732,1765097156.773597,1765097098,0.321919,0.144714,0.000000,0.387216,0.000000,50.000000,0.000000,52.687977,0.500000,1,10,10,53.069930
34.160733,1765097156.775609,1765097098,0.321919,0.145497,0.000000,0.391543,0.000000,50.000000,0.000000,51.999246,0.500000,1,10,10,54.087926
34.162736,1765097156.777618,1765097098,0.321919,0.146285,0.000000,0.394055,0.000000,50.000000,0.000000,51.654880,0.500000,1,10,10,55.105670
34.164736,1765097156.779604,1765097098,0.321919,0.147496,0.000000,0.402092,0.000000,50.000000,0.000000,51.654880,0.500000,1,10,10,56.144171
34.166734,1765097156.781600,1765097098,0.321919,0.147905,0.000000,0.405153,0.000000,50.000000,0.000000,52.343612,0.500000,1,10,10,57.204530
34.168735,1765097156.783613,1765097098,0.321915,0.148722,-0.000907,0.408195,0.000000,50.000000,0.000000,52.343612,0.500000,1,10,10,58.272853
34.170738,1765097156.785621,1765097098,0.321915,0.149540,-0.000946,0.408901,0.000000,50.000000,0.000000,52.343612,0.500000,1,10,10,59.343024
34.172754,1765097156.787647,1765097098,0.321915,0.150361,0.000608,0.410104,0.000000,50.000000,0.000000,52.343612,0.500000,1,10,10,60.416342
34.174738,1765097156.789606,1765097098,0.321919,0.151201,0.000944,0.415463,0.000000,50.000000,0.000000,51.999246,0.500000,1,10,10,61.496533
34.176737,1765097156.791614,1765097098,0.321919,0.152038,0.000140,0.419387,0.000000,50.000000,0.000000,51.654880,0.500000,1,10,10,62.579702
34.178750,1765097156.793629,1765097098,0.321919,0.152863,0.000000,0.416323,0.000000,50.000000,1.377463,51.310514,0.500000,1,10,10,63.648174
34.180738,1765097156.795617,1765097098,0.321915,0.153696,-0.000935,0.414489,0.000000,50.000000,0.000000,50.966148,0.500000,1,10,10,64.704423
34.182738,1765097156.797603,1765097098,0.321915,0.154964,-0.000946,0.421175,0.000000,50.000000,0.000000,52.343612,0.500000,1,10,10,65.806716
34.184738,1765097156.799603,1765097098,0.321915,0.155388,-0.000140,0.423664,0.000000,50.000000,0.000000,52.343612,0.500000,1,10,10,66.915522
34.186739,1765097156.801604,1765097098,0.321915,0.156236,0.000444,0.423276,0.000000,50.000000,0.000000,51.999246,0.500000,1,10,10,68.016023
34.188740,1765097156.803618,1765097098,0.321919,0.157080,0.000500,0.422535,0.000000,50.000000,0.000000,53.032343,0.500000,1,10,10,69.136426
34.190745,1765097156.805628,1765097098,0.321915,0.158355,-0.000901,0.424708,0.000000,50.000000,0.000000,51.654880,0.500000,1,10,10,70.233341
34.192745,1765097156.807627,1765097098,0.321915,0.158779,-0.000944,0.424859,0.000000,50.000000,0.000000,52.343612,0.500000,1,10,10,71.345277
34.194745,1765097156.809628,1765097098,0.321915,0.159638,-0.000074,0.428292,0.000000,50.000000,0.000000,51.999246,0.500000,1,10,10,72.458820
34.196746,1765097156.811628,1765097098,0.321919,0.160498,0.000943,0.430249,0.000000,50.000000,0.000000,51.999246,0.500000,1,10,10,73.577453
34.198747,1765097156.813632,1765097098,0.321915,0.161353,-0.000901,0.428068,0.000000,50.000000,0.000000,52.343612,0.500000,1,10,10,74.697787
34.200747,1765097156.815629,1765097098,0.321915,0.162208,-0.000946,0.427713,0.000000,50.000000,0.000000,51.999246,0.500000,1,10,10,75.809827
34.202747,1765097156.817632,1765097098,0.321915,0.163071,-0.000140,0.430512,0.000000,50.000000,0.000000,51.999246,0.500000,1,10,10,76.929142
34.204762,1765097156.819646,1765097098,0.321919,0.163946,0.000940,0.433886,0.000000,50.000000,0.000000,51.654880,0.500000,1,10,10,78.049762
34.206747,1765097156.821630,1765097098,0.321915,0.165240,-0.000935,0.433075,0.000000,50.000000,0.000000,51.310514,0.500000,1,10,10,79.160829
34.208748,1765097156.823632,1765097098,0.321915,0.166122,-0.000945,0.436672,0.000000,50.000000,0.000000,50.966148,0.500000,1,10,10,80.273606
34.210750,1765097156.825632,1765097098,0.321915,0.166561,-0.000500,0.438832,0.000000,50.000000,0.000000,50.966148,0.500000,1,10,10,81.391886
34.212750,1765097156.827633,1765097098,0.321915,0.167451,0.000440,0.442738,0.000000,50.000000,0.000000,52.343612,0.500000,1,10,10,82.550613
34.214767,1765097156.829661,1765097098,0.321919,0.168779,0.000946,0.443550,0.000000,50.000000,0.000000,51.999246,0.500000,1,10,10,83.703828
34.216749,1765097156.831628,1765097098,0.321915,0.169680,-0.000943,0.447748,0.000000,50.000000,0.000000,51.999246,0.500000,1,10,10,84.867958
34.218748,1765097156.833624,1765097098,0.321915,0.171043,-0.000500,0.454021,0.000000,50.000000,0.000000,51.310514,0.500000,1,10,10,86.032762
34.220752,1765097156.835635,1765097098,0.321915,0.171043,-0.000500,0.454021,0.000000,50.000000,0.000000,51.310514,0.500000,1,10,10,87.197566
34.222749,1765097156.837626,1765097098,0.321919,0.171959,0.000939,0.457492,0.000000,50.000000,0.000000,51.310514,0.500000,1,10,10,88.371276
34.224750,1765097156.839627,1765097098,0.321919,0.172886,0.000946,0.461922,0.000000,50.000000,0.000000,50.621782,0.500000,1,10,10,89.540444
34.226755,1765097156.841638,1765097098,0.321919,0.174286,0.000001,0.465864,0.000000,50.000000,0.000000,50.966148,0.500000,1,10,10,90.727610
34.228753,1765097156.843636,1765097098,0.321919,0.175237,0.000000,0.472172,0.000000,50.000000,0.000000,51.654880,0.500000,1,10,10,91.947109
34.230768,1765097156.845652,1765097098,0.321919,0.176686,0.000000,0.482094,0.000000,50.000000,0.000000,50.966148,0.500000,1,10,10,93.175632
34.232756,1765097156.847639,1765097098,0.321919,0.176686,0.000000,0.482094,0.000000,50.000000,0.000000,50.966148,0.500000,1,10,10,94.404155
34.234756,1765097156.849640,1765097098,0.321919,0.177648,0.000000,0.481334,0.000000,50.000000,0.000000,51.310514,0.500000,1,10,10,95.639028
34.236756,1765097156.851639,1765097098,0.321915,0.179124,-0.000872,0.489613,0.000000,50.000000,0.000000,49.933050,0.500000,1,10,10,96.861425
34.238757,1765097156.853641,1765097098,0.321919,0.180115,-0.000039,0.495486,0.000000,50.000000,0.688732,50.621782,0.500000,1,10,10,98.115661
34.240757,1765097156.855642,1765097098,0.321919,0.181618,0.000940,0.500005,0.000000,50.000000,0.000000,50.966148,0.500000,1,10,10,99.389830
34.242758,1765097156.857642,1765097098,0.321919,0.181618,0.000940,0.500005,0.000000,50.000000,0.000000,50.966148,0.500000,1,10,10,100.663999
34.244783,1765097156.859683,1765097098,0.321919,0.182633,0.000039,0.504925,0.000000,50.000000,0.344366,50.277416,0.500000,1,10,10,101.933345
34.246758,1765097156.861640,1765097098,0.321919,0.184162,0.000000,0.509500,0.000000,50.000000,0.000000,50.966148,0.500000,1,10,10,103.231707
34.248756,1765097156.863633,1765097098,0.321919,0.185199,0.000000,0.514529,0.000000,50.000000,0.688732,50.966148,0.500000,1,10,10,104.543004
34.250757,1765097156.865634,1765097098,0.321919,0.186747,0.000000,0.516653,0.000000,50.000000,0.000000,50.966148,0.500000,1,10,10,105.859595
34.252761,1765097156.867644,1765097098,0.321919,0.186747,0.000000,0.516653,0.000000,50.000000,0.000000,50.966148,0.500000,1,10,10,107.176186
34.254762,1765097156.869644,1765097098,0.321915,0.187795,-0.000935,0.521432,0.000000,50.000000,0.000000,50.621782,0.500000,1,10,10,108.495980
34.256794,1765097156.871665,1765097098,0.321919,0.189381,0.000732,0.527911,0.000000,50.000000,0.000000,50.277416,0.500000,1,10,10,109.823080
34.258763,1765097156.873648,1765097098,0.321919,0.190437,0.000946,0.528042,0.000000,50.000000,0.000000,50.277416,0.500000,1,10,10,111.150512
34.260763,1765097156.875646,1765097098,0.321919,0.191497,0.000074,0.528441,0.000000,50.000000,0.000000,49.933050,0.500000,1,10,10,112.469846
34.262764,1765097156.877649,1765097098,0.321915,0.192023,-0.000869,0.528494,0.000000,50.000000,0.000000,48.899953,0.500000,1,10,10,113.762014
34.264765,1765097156.879649,1765097098,0.321915,0.193087,-0.000945,0.529764,0.000000,50.000000,0.000000,50.621782,0.500000,1,10,10,115.102897
34.266767,1765097156.881652,1765097098,0.321915,0.194695,0.000671,0.535426,0.000000,50.000000,0.000000,50.621782,0.500000,1,10,10,116.458110
34.268766,1765097156.883650,1765097098,0.321919,0.195759,0.000945,0.533464,0.000000,50.000000,0.000000,49.588685,0.500000,1,10,10,117.780802
34.270767,1765097156.885651,1765097098,0.321915,0.196826,-0.000925,0.533196,0.000000,50.000000,0.000000,50.621782,0.500000,1,10,10,119.130371
34.272767,1765097156.887650,1765097098,0.321915,0.198443,-0.000074,0.538639,0.000000,50.000000,0.000000,49.933050,0.500000,1,10,10,120.475165
34.274767,1765097156.889650,1765097098,0.321915,0.198984,-0.000011,0.539614,0.000000,50.000000,0.000000,51.310514,0.500000,1,10,10,121.859560
34.276770,1765097156.891655,1765097098,0.321919,0.200059,0.000925,0.537822,0.000000,50.000000,0.000000,50.621782,0.500000,1,10,10,123.220839
34.278768,1765097156.893651,1765097098,0.321919,0.201115,0.000946,0.532227,0.000000,50.000000,0.000000,50.621782,0.500000,1,10,10,124.567954
34.280786,1765097156.895659,1765097098,0.321915,0.202175,-0.000852,0.529711,0.000000,50.000000,0.000000,49.933050,0.500000,1,10,10,125.890460
34.282797,1765097156.897667,1765097098,0.321915,0.203257,-0.000946,0.537102,0.000000,50.000000,0.000000,49.933050,0.500000,1,10,10,127.231419
34.284770,1765097156.899654,1765097098,0.321915,0.204892,-0.000011,0.544078,0.000000,50.000000,0.000000,49.933050,0.500000,1,10,10,128.589792
34.286770,1765097156.901654,1765097098,0.321915,0.205430,-0.000001,0.542165,0.000000,50.000000,0.000000,50.966148,0.500000,1,10,10,129.971396
34.288771,1765097156.903654,1765097098,0.321915,0.206505,0.000000,0.538619,0.000000,50.000000,0.000000,49.933050,0.500000,1,10,10,131.316141
34.290790,1765097156.905674,1765097098,0.321915,0.207046,0.000000,0.538439,0.000000,50.000000,0.688732,50.966148,0.500000,1,10,10,132.688374
34.292789,1765097156.907664,1765097098,0.321919,0.208677,0.000946,0.543407,0.000000,50.000000,0.000000,50.277416,0.500000,1,10,10,134.054431
34.294771,1765097156.909651,1765097098,0.321919,0.209771,0.000264,0.546644,0.000000,50.000000,0.000000,49.588685,0.500000,1,10,10,135.409800
34.296769,1765097156.911648,1765097098,0.321919,0.210865,-0.000806,0.546938,0.000000,50.000000,0.000000,50.277416,0.500000,1,10,10,136.784733
34.298770,1765097156.913647,1765097098,0.321915,0.211963,-0.000945,0.547812,0.000000,50.000000,0.000000,50.621782,0.500000,1,10,10,138.171297
34.300783,1765097156.915647,1765097098,0.321915,0.213072,-0.000140,0.552147,0.000000,50.000000,0.000000,50.621782,0.500000,1,10,10,139.568830
34.302783,1765097156.917648,1765097098,0.321915,0.214188,0.000682,0.556635,0.000000,50.000000,0.000000,49.244319,0.500000,1,10,10,140.939386
34.304772,1765097156.919649,1765097098,0.321919,0.215309,0.000925,0.559598,0.000000,50.000000,0.000000,50.277416,0.500000,1,10,10,142.346144
34.306772,1765097156.921649,1765097098,0.321919,0.216437,0.000946,0.561916,0.000000,50.000000,0.000000,49.588685,0.500000,1,10,10,143.739380
34.308799,1765097156.923663,1765097098,0.321915,0.217569,-0.000932,0.565144,0.000000,50.000000,0.000000,49.588685,0.500000,1,10,10,145.140619
34.310791,1765097156.925661,1765097098,0.321915,0.218712,-0.000500,0.569718,0.000000,50.000000,0.000000,49.933050,0.500000,1,10,10,146.563007
34.312774,1765097156.927650,1765097098,0.321919,0.219858,0.000732,0.573105,0.000000,50.000000,0.000000,50.277416,0.500000,1,10,10,148.003721
34.314774,1765097156.929651,1765097098,0.321919,0.221017,0.000946,0.576617,0.000000,50.000000,0.344366,48.555587,0.500000,1,10,10,149.403658
34.316793,1765097156.931661,1765097098,0.321919,0.222186,0.000039,0.582935,0.000000,50.000000,0.000000,49.933050,0.500000,1,10,10,150.859043
34.318792,1765097156.933661,1765097098,0.321919,0.223367,0.000000,0.588095,0.000000,50.000000,0.000000,50.277416,0.500000,1,10,10,152.337437
34.320779,1765097156.935664,1765097098,0.321919,0.224556,0.000000,0.592046,0.000000,50.000000,0.000000,49.933050,0.500000,1,10,10,153.815570
34.322780,1765097156.937664,1765097098,0.321919,0.225744,0.000000,0.594100,0.000000,50.000000,0.000000,49.933050,0.500000,1,10,10,155.298832
34.324780,1765097156.939664,1765097098,0.321919,0.226940,0.000000,0.596732,0.000000,50.000000,1.377463,49.244319,0.500000,1,10,10,156.768689
34.326795,1765097156.941663,1765097098,0.321915,0.228144,-0.000872,0.600937,0.000000,50.000000,0.000000,49.933050,0.500000,1,10,10,158.269021
34.328795,1765097156.943665,1765097098,0.321915,0.229965,-0.000945,0.606241,0.000000,50.000000,0.000000,49.588685,0.500000,1,10,10,159.772158
34.330810,1765097156.945691,1765097098,0.321915,0.230574,-0.000946,0.608084,0.000000,50.000000,0.000000,49.933050,0.500000,1,10,10,161.290333
34.332784,1765097156.947669,1765097098,0.321915,0.231800,-0.000011,0.610974,0.000000,50.000000,0.000000,49.244319,0.500000,1,10,10,162.794683
34.334813,1765097156.949682,1765097098,0.321919,0.233030,0.000943,0.614513,0.000000,50.000000,0.688732,49.933050,0.500000,1,10,10,164.329056
34.336799,1765097156.951669,1765097098,0.321919,0.234261,0.000074,0.615062,0.000000,50.000000,0.000000,49.244319,0.500000,1,10,10,165.843472
34.338799,1765097156.953668,1765097098,0.321919,0.236104,0.000000,0.614363,0.000000,50.000000,0.000000,49.588685,0.500000,1,10,10,167.366743
34.340784,1765097156.955667,1765097098,0.321919,0.236721,0.000000,0.615395,0.000000,50.000000,0.000000,49.588685,0.500000,1,10,10,168.892576
34.342785,1765097156.957669,1765097098,0.321915,0.237959,-0.000940,0.617736,0.000000,50.000000,0.000000,48.899953,0.500000,1,10,10,170.402942
34.344857,1765097156.959803,1765097098,0.321915,0.239193,-0.000946,0.617444,0.000000,50.000000,0.000000,49.933050,0.500000,1,10,10,171.944487
34.346870,1765097156.961811,1765097098,0.321915,0.240426,-0.000000,0.617020,0.000000,50.000000,0.000000,49.244319,0.500000,1,10,10,173.463722
34.348883,1765097156.963848,1765097098,0.321915,0.241668,0.000000,0.619957,0.000000,50.000000,0.000000,48.899953,0.500000,1,10,10,174.979516
34.350883,1765097156.965862,1765097098,0.321915,0.242909,0.000000,0.620690,0.000000,50.000000,0.000000,49.933050,0.500000,1,10,10,176.529164
34.352916,1765097156.967873,1765097098,0.321915,0.244147,0.000000,0.619141,0.000000,50.000000,0.000000,48.899953,0.500000,1,10,10,178.042961
34.354820,1765097156.969746,1765097098,0.321919,0.245381,0.000940,0.617936,0.000000,50.000000,0.000000,49.244319,0.500000,1,10,10,179.564454
34.356817,1765097156.971745,1765097098,0.321915,0.246619,-0.000666,0.617910,0.000000,50.000000,0.000000,49.244319,0.500000,1,10,10,181.085882
34.358856,1765097156.973797,1765097098,0.321915,0.247857,-0.000945,0.618817,0.000000,50.000000,0.000000,48.899953,0.500000,1,10,10,182.598889
34.360947,1765097156.975889,1765097098,0.321915,0.249090,-0.000946,0.618039,0.000000,50.000000,0.000000,49.933050,0.500000,1,10,10,184.141920
34.362831,1765097156.977733,1765097098,0.321915,0.250328,0.000800,0.617925,0.000000,50.000000,0.000000,49.244319,0.500000,1,10,10,185.663387
34.364824,1765097156.979736,1765097098,0.321919,0.251573,0.000944,0.620458,0.000000,50.000000,0.000000,49.588685,0.500000,1,10,10,187.201773
34.367056,1765097156.982073,1765097098,0.321915,0.252811,-0.000861,0.620800,0.000000,50.000000,0.000000,49.244319,0.500000,1,10,10,188.730318
34.368844,1765097156.983800,1765097098,0.321915,0.254053,-0.000946,0.619942,0.000000,50.000000,0.000000,48.211221,0.500000,1,10,10,190.224728
34.370825,1765097156.985761,1765097098,0.321915,0.255294,-0.000946,0.620675,0.000000,50.000000,0.000000,48.899953,0.500000,1,10,10,191.742280
34.372789,1765097156.987634,1765097098,0.321915,0.256543,-0.000011,0.623683,0.000000,50.000000,0.000000,49.244319,0.500000,1,10,10,193.277921
34.374777,1765097156.989613,1765097098,0.321915,0.257807,0.000000,0.629235,0.000000,50.000000,0.000000,49.933050,0.500000,1,10,10,194.848903
34.376776,1765097156.991612,1765097098,0.321915,0.259696,0.000000,0.629475,0.000000,50.000000,0.000000,49.244319,0.500000,1,10,10,196.398808
34.378787,1765097156.993630,1765097098,0.321915,0.260324,0.000000,0.629347,0.000000,50.000000,0.000000,48.555587,0.500000,1,10,10,197.926723
34.380787,1765097156.995627,1765097098,0.321915,0.261592,0.000000,0.631760,0.000000,50.000000,0.000000,48.899953,0.500000,1,10,10,199.471374
34.382792,1765097156.997636,1765097098,0.321919,0.262872,0.000872,0.637268,0.000000,50.000000,0.000000,48.899953,0.500000,1,10,10,201.029495
34.384795,1765097156.999643,1765097098,0.321919,0.264155,0.000946,0.640435,0.000000,50.000000,0.000000,49.588685,0.500000,1,10,10,202.617414
34.386807,1765097157.001659,1765097098,0.321919,0.265434,0.000003,0.640619,0.000000,50.000000,0.000000,48.211221,0.500000,1,10,10,204.161665
34.388800,1765097157.003652,1765097098,0.321915,0.267380,-0.000925,0.646770,0.000000,50.000000,0.000000,47.866855,0.500000,1,10,10,205.709609
34.390802,1765097157.005656,1765097098,0.321915,0.268031,-0.000945,0.649265,0.000000,50.000000,0.000000,48.899953,0.500000,1,10,10,207.297063
34.392804,1765097157.007659,1765097098,0.321915,0.269340,-0.000265,0.653200,0.000000,50.000000,0.000000,48.211221,0.500000,1,10,10,208.871643
34.394804,1765097157.009659,1765097098,0.321919,0.270654,0.000940,0.656444,0.000000,50.000000,0.000000,49.588685,0.500000,1,10,10,210.499253
34.396804,1765097157.011660,1765097098,0.321919,0.271975,0.000140,0.659224,0.000000,50.000000,0.000000,48.555587,0.500000,1,10,10,212.099705
34.398806,1765097157.013663,1765097098,0.321919,0.273977,0.000000,0.665900,0.000000,50.000000,0.688732,48.555587,0.500000,1,10,10,213.716526
34.400808,1765097157.015667,1765097098,0.321919,0.274643,0.000000,0.667020,0.000000,50.000000,0.000000,48.899953,0.500000,1,10,10,215.347390
34.402811,1765097157.017671,1765097098,0.321919,0.275979,0.000000,0.668737,0.000000,50.000000,0.000000,49.244319,0.500000,1,10,10,216.993963
34.404814,1765097157.019676,1765097098,0.321919,0.277316,0.000000,0.668684,0.000000,50.000000,0.000000,47.522489,0.500000,1,10,10,218.582840
34.406812,1765097157.021673,1765097098,0.321919,0.278663,0.000000,0.671249,0.000000,50.000000,0.000000,48.899953,0.500000,1,10,10,220.224044
34.408812,1765097157.023672,1765097098,0.321919,0.280026,0.000000,0.677293,0.000000,50.000000,0.000000,48.555587,0.500000,1,10,10,221.868362
34.410812,1765097157.025673,1765097098,0.321919,0.281385,0.000000,0.680171,0.000000,50.000000,0.000000,48.555587,0.500000,1,10,10,223.519668
34.412823,1765097157.027684,1765097098,0.321919,0.282740,0.000000,0.678549,0.000000,50.000000,0.000000,49.244319,0.500000,1,10,10,225.190402
34.414788,1765097157.029633,1765097098,0.321919,0.284098,0.000000,0.678471,0.000000,50.000000,0.000000,47.178124,0.500000,1,10,10,226.790852
34.416815,1765097157.031678,1765097098,0.321919,0.285469,0.000000,0.682537,0.000000,50.000000,0.000000,47.866855,0.500000,1,10,10,228.424396
34.418818,1765097157.033684,1765097098,0.321919,0.286839,0.000000,0.685010,0.000000,50.000000,0.000000,48.211221,0.500000,1,10,10,230.075655
34.420822,1765097157.035690,1765097098,0.321919,0.288209,0.000000,0.685815,0.000000,50.000000,0.000000,48.211221,0.500000,1,10,10,231.728855
34.422822,1765097157.037689,1765097098,0.321919,0.289583,0.000000,0.686404,0.000000,50.000000,0.000000,48.211221,0.500000,1,10,10,233.383474
34.424826,1765097157.039697,1765097098,0.321915,0.290961,-0.000935,0.687549,0.000000,50.000000,0.000000,48.555587,0.500000,1,10,10,235.052692
34.426826,1765097157.041696,1765097098,0.321915,0.292338,-0.000140,0.688847,0.000000,50.000000,0.000000,46.489392,0.500000,1,10,10,236.653897
34.428830,1765097157.043704,1765097098,0.321919,0.294413,0.000934,0.690682,0.000000,50.000000,0.000000,47.178124,0.500000,1,10,10,238.283153
34.430831,1765097157.045705,1765097098,0.321919,0.295102,0.000945,0.691067,0.000000,50.000000,0.000000,48.899953,0.500000,1,10,10,239.972811
34.432836,1765097157.047714,1765097098,0.321919,0.296487,-0.000733,0.692065,0.000000,50.000000,0.000000,48.211221,0.500000,1,10,10,241.641077
34.434802,1765097157.049660,1765097098,0.321915,0.297868,-0.000944,0.692166,0.000000,50.000000,0.000000,48.555587,0.500000,1,10,10,243.321505
34.436836,1765097157.051714,1765097098,0.321919,0.299254,0.000786,0.691784,0.000000,50.000000,0.000000,48.555587,0.500000,1,10,10,245.001005
34.438851,1765097157.053741,1765097098,0.321919,0.301336,0.000946,0.693598,0.000000,50.000000,0.000000,48.899953,0.500000,1,10,10,246.696853
34.440842,1765097157.055743,1765097098,0.321915,0.302028,0.000074,0.694055,0.000000,50.000000,0.000000,48.555587,0.500000,1,10,10,248.381866
34.442843,1765097157.057737,1765097098,0.321915,0.303417,-0.000934,0.693682,0.000000,50.000000,0.000000,47.866855,0.500000,1,10,10,250.042085
34.444843,1765097157.059746,1765097098,0.321915,0.304806,-0.000006,0.693807,0.000000,50.000000,0.000000,46.833758,0.500000,1,10,10,251.666764
34.446844,1765097157.061741,1765097098,0.321919,0.306192,0.000806,0.694259,0.000000,50.000000,0.000000,47.866855,0.500000,1,10,10,253.328364
34.448851,1765097157.063758,1765097098,0.321919,0.307585,0.000940,0.695232,0.000000,50.000000,0.000000,48.211221,0.500000,1,10,10,255.004264
34.450851,1765097157.065758,1765097098,0.321915,0.308974,0.000039,0.694786,0.000000,50.000000,0.000000,48.211221,0.500000,1,10,10,256.679089
34.452852,1765097157.067759,1765097098,0.321915,0.310359,-0.000940,0.693686,0.000000,50.000000,0.000000,48.211221,0.500000,1,10,10,258.351263
34.454852,1765097157.069757,1765097098,0.321915,0.311748,-0.000039,0.693611,0.000000,50.000000,0.000000,48.211221,0.500000,1,10,10,260.023255
34.456854,1765097157.071763,1765097098,0.321919,0.313141,0.000943,0.695423,0.000000,50.000000,0.344366,48.211221,0.500000,1,10,10,261.699660
34.458861,1765097157.073773,1765097098,0.321919,0.315223,0.000264,0.694583,0.000000,50.000000,0.688732,47.866855,0.500000,1,10,10,263.362207
34.460861,1765097157.075779,1765097098,0.321919,0.315916,-0.000786,0.693241,0.000000,50.000000,0.000000,47.866855,0.500000,1,10,10,265.021371
34.462862,1765097157.077775,1765097098,0.321915,0.317308,-0.000944,0.695474,0.000000,50.000000,0.000000,47.866855,0.500000,1,10,10,266.685879
34.464878,1765097157.079799,1765097098,0.321915,0.318716,-0.000021,0.701092,0.000000,50.000000,0.000000,48.899953,0.500000,1,10,10,268.400048
34.466863,1765097157.081778,1765097098,0.321919,0.320821,0.000872,0.702544,0.000000,0.000000,0.000000,48.899953,0.500000,1,10,10,270.117768
