time,sys_time,session_id,mode,trial,fx,fy,pos_x,pos_y,vel_x,vel_y,threshold,window_s
20.116513,1763291301.819506,1763291269,1,0,2.410561,2.754927,0.448597,0.000288,0.000000,0.000000,3.000000,0.200000
20.118532,1763291301.819506,1763291269,1,0,3.099293,3.788025,0.448597,0.000288,0.000000,0.000000,3.000000,0.200000
20.120502,1763291301.819506,1763291269,1,0,3.788025,2.754927,0.448597,0.000288,0.000000,0.000000,3.000000,0.200000
20.122528,1763291301.819506,1763291269,1,0,2.754927,2.754927,0.448597,0.000288,0.000000,0.000000,3.000000,0.200000
20.124534,1763291301.819506,1763291269,1,0,3.099293,3.788025,0.448597,0.000288,0.000000,0.000000,3.000000,0.200000
20.126541,1763291301.819506,1763291269,1,0,3.099293,3.443659,0.448597,0.000288,0.000000,0.000000,3.000000,0.200000
20.128511,1763291301.819506,1763291269,1,0,3.099293,2.754927,0.448597,0.000288,0.000000,0.000000,3.000000,0.200000
20.130510,1763291301.819506,1763291269,1,0,3.099293,2.754927,0.448597,0.000288,0.000000,0.000000,3.000000,0.200000
20.132539,1763291301.819506,1763291269,1,0,2.410561,3.788025,0.448597,0.000288,0.000000,0.000000,3.000000,0.200000
20.134520,1763291301.819506,1763291269,1,0,2.754927,2.066195,0.448597,0.000288,0.000000,0.000000,3.000000,0.200000
20.136516,1763291301.819506,1763291269,1,0,2.410561,2.754927,0.448597,0.000288,0.000000,0.000000,3.000000,0.200000
20.138592,1763291301.819506,1763291269,1,0,3.099293,2.754927,0.448597,0.000288,0.000000,0.000000,3.000000,0.200000
20.140598,1763291301.819506,1763291269,1,0,3.099293,2.754927,0.448597,0.000288,0.000000,0.000000,3.000000,0.200000
20.142556,1763291301.819506,1763291269,1,0,2.410561,2.754927,0.448597,0.000288,0.000000,0.000000,3.000000,0.200000
20.144665,1763291301.819506,1763291269,1,0,3.099293,2.066195,0.448597,0.000288,0.000000,0.000000,3.000000,0.200000
20.146553,1763291301.819506,1763291269,1,0,2.754927,2.754927,0.448597,0.000288,0.000000,0.000000,3.000000,0.200000
20.148538,1763291301.819506,1763291269,1,0,2.410561,3.788025,0.448597,0.000288,0.000000,0.000000,3.000000,0.200000
20.150529,1763291301.819506,1763291269,1,0,2.410561,3.788025,0.448597,0.000288,0.000000,0.000000,3.000000,0.200000
20.152579,1763291301.819506,1763291269,1,0,2.410561,3.788025,0.448597,0.000288,0.000000,0.000000,3.000000,0.200000
20.154537,1763291301.819506,1763291269,1,0,3.099293,2.754927,0.448597,0.000288,0.000000,0.000000,3.000000,0.200000
20.156527,1763291301.819506,1763291269,1,0,2.066195,2.754927,0.448597,0.000288,0.000000,0.000000,3.000000,0.200000
20.158612,1763291301.819506,1763291269,1,0,2.754927,2.754927,0.448597,0.000288,0.000000,0.000000,3.000000,0.200000
20.160592,1763291301.819506,1763291269,1,0,3.099293,2.754927,0.448597,0.000288,0.000000,0.000000,3.000000,0.200000
20.162598,1763291301.819506,1763291269,1,0,2.410561,2.754927,0.448597,0.000288,0.000000,0.000000,3.000000,0.200000
20.164609,1763291301.819506,1763291269,1,0,3.099293,2.754927,0.448597,0.000288,0.000000,0.000000,3.000000,0.200000
20.166606,1763291301.819506,1763291269,1,0,2.410561,2.754927,0.448597,0.000288,0.000000,0.000000,3.000000,0.200000
20.168629,1763291301.819506,1763291269,1,0,3.099293,2.754927,0.448597,0.000288,0.000000,0.000000,3.000000,0.200000
20.170608,1763291301.819506,1763291269,1,0,2.410561,3.788025,0.448597,0.000288,0.000000,0.000000,3.000000,0.200000
20.172546,1763291301.819506,1763291269,1,0,3.099293,2.754927,0.448597,0.000288,0.000000,0.000000,3.000000,0.200000
20.174553,1763291301.819506,1763291269,1,0,2.066195,2.066195,0.448597,0.000288,0.000000,0.000000,3.000000,0.200000
20.176621,1763291301.819506,1763291269,1,0,2.066195,2.754927,0.448597,0.000288,0.000000,0.000000,3.000000,0.200000
20.178621,1763291301.819506,1763291269,1,0,2.410561,2.754927,0.448597,0.000288,0.000000,0.000000,3.000000,0.200000
20.180613,1763291301.819506,1763291269,1,0,3.099293,2.066195,0.448597,0.000288,0.000000,0.000000,3.000000,0.200000
20.182606,1763291301.819506,1763291269,1,0,2.410561,3.788025,0.448597,0.000288,0.000000,0.000000,3.000000,0.200000
20.184605,1763291301.819506,1763291269,1,0,3.099293,3.443659,0.448597,0.000288,0.000000,0.000000,3.000000,0.200000
20.186636,1763291301.819506,1763291269,1,0,3.099293,2.754927,0.448597,0.000288,0.000000,0.000000,3.000000,0.200000
20.188606,1763291301.819506,1763291269,1,0,3.443659,3.788025,0.448597,0.000288,0.000000,0.000000,3.000000,0.200000
20.190597,1763291301.819506,1763291269,1,0,3.099293,3.788025,0.448597,0.000288,0.000000,0.000000,3.000000,0.200000
20.192548,1763291301.819506,1763291269,1,0,3.443659,2.066195,0.448597,0.000288,0.000000,0.000000,3.000000,0.200000
20.194543,1763291301.819506,1763291269,1,0,2.410561,2.754927,0.448597,0.000288,0.000000,0.000000,3.000000,0.200000
20.196550,1763291301.819506,1763291269,1,0,3.099293,2.754927,0.448597,0.000288,0.000000,0.000000,3.000000,0.200000
20.198552,1763291301.819506,1763291269,1,0,3.099293,2.754927,0.448597,0.000288,0.000000,0.000000,3.000000,0.200000
20.200545,1763291301.819506,1763291269,1,0,2.410561,3.788025,0.448597,0.000288,0.000000,0.000000,3.000000,0.200000
20.202548,1763291301.819506,1763291269,1,0,2.410561,3.788025,0.448597,0.000288,0.000000,0.000000,3.000000,0.200000
20.204615,1763291301.819506,1763291269,1,0,3.099293,2.754927,0.448597,0.000288,0.000000,0.000000,3.000000,0.200000
20.206592,1763291301.819506,1763291269,1,0,3.099293,2.754927,0.448597,0.000288,0.000000,0.000000,3.000000,0.200000
20.208600,1763291301.819506,1763291269,1,0,2.410561,3.443659,0.448597,0.000288,0.000000,0.000000,3.000000,0.200000
20.210615,1763291301.819506,1763291269,1,0,3.788025,2.754927,0.448597,0.000288,0.000000,0.000000,3.000000,0.200000
20.212602,1763291301.819506,1763291269,1,0,3.099293,3.788025,0.448597,0.000288,0.000000,0.000000,3.000000,0.200000
20.214602,1763291301.819506,1763291269,1,0,3.099293,3.443659,0.448597,0.000288,0.000000,0.000000,3.000000,0.200000
20.216618,1763291301.819506,1763291269,1,0,3.099293,2.754927,0.448597,0.000288,0.000000,0.000000,3.000000,0.200000
20.218618,1763291301.819506,1763291269,1,0,3.099293,3.788025,0.448597,0.000288,0.000000,0.000000,3.000000,0.200000
20.220617,1763291301.819506,1763291269,1,0,3.099293,2.066195,0.448597,0.000288,0.000000,0.000000,3.000000,0.200000
20.222571,1763291301.819506,1763291269,1,0,2.410561,2.754927,0.448597,0.000288,0.000000,0.000000,3.000000,0.200000
20.224578,1763291301.819506,1763291269,1,0,3.099293,2.754927,0.448597,0.000288,0.000000,0.000000,3.000000,0.200000
20.226546,1763291301.819506,1763291269,1,0,3.099293,2.754927,0.448597,0.000288,0.000000,0.000000,3.000000,0.200000
20.228585,1763291301.819506,1763291269,1,0,2.410561,2.754927,0.448597,0.000288,0.000000,0.000000,3.000000,0.200000
20.230574,1763291301.819506,1763291269,1,0,3.099293,3.443659,0.448597,0.000288,0.000000,0.000000,3.000000,0.200000
20.232544,1763291301.819506,1763291269,1,0,3.099293,2.754927,0.448597,0.000288,0.000000,0.000000,3.000000,0.200000
20.234588,1763291301.819506,1763291269,1,0,3.099293,2.754927,0.448597,0.000288,0.000000,0.000000,3.000000,0.200000
20.236582,1763291301.819506,1763291269,1,0,3.099293,2.754927,0.448597,0.000288,0.000000,0.000000,3.000000,0.200000
20.238581,1763291301.819506,1763291269,1,0,3.099293,2.754927,0.448597,0.000288,0.000000,0.000000,3.000000,0.200000
20.240544,1763291301.819506,1763291269,1,0,3.099293,2.066195,0.448597,0.000288,0.000000,0.000000,3.000000,0.200000
20.242548,1763291301.819506,1763291269,1,0,2.410561,3.443659,0.448597,0.000288,0.000000,0.000000,3.000000,0.200000
20.244584,1763291301.819506,1763291269,1,0,2.410561,2.754927,0.448597,0.000288,0.000000,0.000000,3.000000,0.200000
20.246547,1763291301.819506,1763291269,1,0,3.099293,2.754927,0.448597,0.000288,0.000000,0.000000,3.000000,0.200000
20.248548,1763291301.819506,1763291269,1,0,3.443659,2.754927,0.448597,0.000288,0.000000,0.000000,3.000000,0.200000
20.250562,1763291301.819506,1763291269,1,0,2.410561,2.754927,0.448597,0.000288,0.000000,0.000000,3.000000,0.200000
20.252550,1763291301.819506,1763291269,1,0,2.410561,2.754927,0.448597,0.000288,0.000000,0.000000,3.000000,0.200000
20.254546,1763291301.819506,1763291269,1,0,3.099293,2.754927,0.448597,0.000288,0.000000,0.000000,3.000000,0.200000
20.256549,1763291301.819506,1763291269,1,0,2.410561,2.754927,0.448597,0.000288,0.000000,0.000000,3.000000,0.200000
20.258555,1763291301.819506,1763291269,1,0,3.099293,2.754927,0.448597,0.000288,0.000000,0.000000,3.000000,0.200000
20.260548,1763291301.819506,1763291269,1,0,3.099293,3.788025,0.448597,0.000288,0.000000,0.000000,3.000000,0.200000
20.262548,1763291301.819506,1763291269,1,0,3.443659,2.754927,0.448597,0.000288,0.000000,0.000000,3.000000,0.200000
20.264551,1763291301.819506,1763291269,1,0,3.099293,2.754927,0.448597,0.000288,0.000000,0.000000,3.000000,0.200000
20.266564,1763291301.819506,1763291269,1,0,2.410561,3.788025,0.448597,0.000288,0.000000,0.000000,3.000000,0.200000
20.268552,1763291301.819506,1763291269,1,0,3.099293,2.066195,0.448597,0.000288,0.000000,0.000000,3.000000,0.200000
20.270554,1763291301.819506,1763291269,1,0,3.099293,2.754927,0.448597,0.000288,0.000000,0.000000,3.000000,0.200000
20.272557,1763291301.819506,1763291269,1,0,2.410561,3.788025,0.448597,0.000288,0.000000,0.000000,3.000000,0.200000
20.274550,1763291301.819506,1763291269,1,0,1.721829,2.754927,0.448597,0.000288,0.000000,0.000000,3.000000,0.200000
20.276559,1763291301.819506,1763291269,1,0,3.099293,2.754927,0.448597,0.000288,0.000000,0.000000,3.000000,0.200000
20.278592,1763291301.819506,1763291269,1,0,2.410561,2.754927,0.448597,0.000288,0.000000,0.000000,3.000000,0.200000
20.280597,1763291301.819506,1763291269,1,0,3.099293,2.754927,0.448597,0.000288,0.000000,0.000000,3.000000,0.200000
20.282611,1763291301.819506,1763291269,1,0,3.443659,2.754927,0.448597,0.000288,0.000000,0.000000,3.000000,0.200000
20.284602,1763291301.819506,1763291269,1,0,3.099293,2.066195,0.448597,0.000288,0.000000,0.000000,3.000000,0.200000
20.286603,1763291301.819506,1763291269,1,0,2.410561,2.754927,0.448597,0.000288,0.000000,0.000000,3.000000,0.200000
20.288606,1763291301.819506,1763291269,1,0,2.754927,3.788025,0.448597,0.000288,0.000000,0.000000,3.000000,0.200000
20.290606,1763291301.819506,1763291269,1,0,3.099293,3.443659,0.448597,0.000288,0.000000,0.000000,3.000000,0.200000
20.292562,1763291301.819506,1763291269,1,0,3.099293,2.754927,0.448597,0.000288,0.000000,0.000000,3.000000,0.200000
20.294604,1763291301.819506,1763291269,1,0,3.099293,4.132390,0.448597,0.000288,0.000000,0.000000,3.000000,0.200000
20.296616,1763291301.819506,1763291269,1,0,2.410561,2.754927,0.448597,0.000288,0.000000,0.000000,3.000000,0.200000
20.298608,1763291301.819506,1763291269,1,0,1.721829,2.066195,0.448597,0.000288,0.000000,0.000000,3.000000,0.200000
20.300626,1763291301.819506,1763291269,1,0,2.410561,3.788025,0.448597,0.000288,0.000000,0.000000,3.000000,0.200000
20.302627,1763291301.819506,1763291269,1,0,2.410561,2.754927,0.448597,0.000288,0.000000,0.000000,3.000000,0.200000
20.304616,1763291301.819506,1763291269,1,0,3.099293,3.788025,0.448597,0.000288,0.000000,0.000000,3.000000,0.200000
20.306616,1763291301.819506,1763291269,1,0,3.099293,2.754927,0.448597,0.000288,0.000000,0.000000,3.000000,0.200000
20.308621,1763291301.819506,1763291269,1,0,3.099293,2.754927,0.448597,0.000288,0.000000,0.000000,3.000000,0.200000
20.310642,1763291301.819506,1763291269,1,0,3.099293,3.788025,0.448597,0.000288,0.000000,0.000000,3.000000,0.200000
20.312618,1763291301.819506,1763291269,1,0,3.099293,2.754927,0.448597,0.000288,0.000000,0.000000,3.000000,0.200000
20.314640,1763291301.819506,1763291269,1,0,3.099293,3.788025,0.448597,0.000288,0.000000,0.000000,3.000000,0.200000
28.582982,1763291310.285833,1763291269,1,1,2.754927,0.000000,0.448669,0.001699,0.000000,-0.000000,3.000000,0.200000
28.584975,1763291310.285833,1763291269,1,1,2.410561,0.000000,0.448669,0.001699,0.000000,0.000000,3.000000,0.200000
28.586939,1763291310.285833,1763291269,1,1,3.099293,0.688732,0.448669,0.001703,0.000000,0.000907,3.000000,0.200000
28.588980,1763291310.285833,1763291269,1,1,2.754927,0.000000,0.448669,0.001699,0.000000,0.000005,3.000000,0.200000
28.590984,1763291310.285833,1763291269,1,1,3.099293,1.033098,0.448669,0.001699,0.000000,-0.000907,3.000000,0.200000
28.592983,1763291310.285833,1763291269,1,1,2.066195,0.000000,0.448669,0.001699,0.000000,-0.000006,3.000000,0.200000
28.594982,1763291310.285833,1763291269,1,1,1.721829,0.000000,0.448669,0.001699,0.000000,0.000000,3.000000,0.200000
28.596992,1763291310.285833,1763291269,1,1,3.099293,0.000000,0.448669,0.001703,0.000000,0.000943,3.000000,0.200000
28.598994,1763291310.285833,1763291269,1,1,2.410561,0.000000,0.448669,0.001699,0.000000,0.000073,3.000000,0.200000
28.600994,1763291310.285833,1763291269,1,1,3.099293,0.000000,0.448669,0.001699,0.000000,-0.000907,3.000000,0.200000
28.602986,1763291310.285833,1763291269,1,1,3.099293,0.000000,0.448669,0.001699,0.000000,-0.000074,3.000000,0.200000
28.604976,1763291310.285833,1763291269,1,1,1.721829,0.688732,0.448669,0.001699,0.000000,-0.000000,3.000000,0.200000
28.606985,1763291310.285833,1763291269,1,1,3.099293,0.000000,0.448669,0.001703,0.000000,0.000907,3.000000,0.200000
28.608980,1763291310.285833,1763291269,1,1,2.410561,0.000000,0.448669,0.001699,0.000000,0.000011,3.000000,0.200000
28.610982,1763291310.285833,1763291269,1,1,2.410561,0.688732,0.448669,0.001699,0.000000,-0.000907,3.000000,0.200000
28.612940,1763291310.285833,1763291269,1,1,2.410561,0.000000,0.448669,0.001703,0.000000,0.000861,3.000000,0.200000
28.614937,1763291310.285833,1763291269,1,1,2.410561,0.000000,0.448669,0.001703,0.000000,0.000946,3.000000,0.200000
28.616980,1763291310.285833,1763291269,1,1,2.066195,0.000000,0.448669,0.001703,0.000000,0.000074,3.000000,0.200000
28.618946,1763291310.285833,1763291269,1,1,2.410561,0.000000,0.448669,0.001703,0.000000,0.000000,3.000000,0.200000
28.621000,1763291310.285833,1763291269,1,1,2.754927,0.000000,0.448669,0.001703,0.000000,0.000000,3.000000,0.200000
28.623009,1763291310.285833,1763291269,1,1,2.410561,0.000000,0.448669,0.001703,0.000000,0.000000,3.000000,0.200000
28.625011,1763291310.285833,1763291269,1,1,2.754927,0.000000,0.448669,0.001703,0.000000,0.000000,3.000000,0.200000
28.626956,1763291310.285833,1763291269,1,1,3.099293,0.000000,0.448669,0.001703,0.000000,0.000000,3.000000,0.200000
28.629001,1763291310.285833,1763291269,1,1,2.410561,0.000000,0.448669,0.001699,0.000000,-0.000806,3.000000,0.200000
28.631001,1763291310.285833,1763291269,1,1,2.410561,0.000000,0.448669,0.001703,0.000000,-0.000499,3.000000,0.200000
28.632950,1763291310.285833,1763291269,1,1,2.066195,0.000000,0.448669,0.001703,0.000000,0.000803,3.000000,0.200000
28.634950,1763291310.285833,1763291269,1,1,2.754927,0.000000,0.448669,0.001703,0.000000,0.000499,3.000000,0.200000
28.636950,1763291310.285833,1763291269,1,1,1.721829,0.000000,0.448669,0.001703,0.000000,0.000003,3.000000,0.200000
28.638952,1763291310.285833,1763291269,1,1,1.721829,0.000000,0.448669,0.001703,0.000000,0.000000,3.000000,0.200000
28.640952,1763291310.285833,1763291269,1,1,2.410561,0.000000,0.448669,0.001703,0.000000,0.000000,3.000000,0.200000
28.642955,1763291310.285833,1763291269,1,1,2.410561,0.000000,0.448669,0.001703,0.000000,0.000000,3.000000,0.200000
28.644958,1763291310.285833,1763291269,1,1,2.410561,1.377463,0.448669,0.001703,0.000000,0.000000,3.000000,0.200000
28.646957,1763291310.285833,1763291269,1,1,3.099293,0.000000,0.448669,0.001703,0.000000,0.000000,3.000000,0.200000
28.648953,1763291310.285833,1763291269,1,1,2.410561,0.000000,0.448669,0.001703,0.000000,0.000000,3.000000,0.200000
28.650949,1763291310.285833,1763291269,1,1,1.721829,1.377463,0.448669,0.001703,0.000000,0.000000,3.000000,0.200000
28.652947,1763291310.285833,1763291269,1,1,3.099293,0.000000,0.448669,0.001703,0.000000,0.000000,3.000000,0.200000
28.654984,1763291310.285833,1763291269,1,1,2.066195,0.000000,0.448669,0.001703,0.000000,0.000000,3.000000,0.200000
28.656982,1763291310.285833,1763291269,1,1,3.099293,0.000000,0.448669,0.001699,0.000000,-0.000940,3.000000,0.200000
28.658976,1763291310.285833,1763291269,1,1,3.099293,0.000000,0.448669,0.001703,0.000000,-0.000039,3.000000,0.200000
28.660958,1763291310.285833,1763291269,1,1,1.721829,0.000000,0.448669,0.001699,0.000000,-0.000446,3.000000,0.200000
28.662957,1763291310.285833,1763291269,1,1,2.410561,0.000000,0.448669,0.001699,0.000000,-0.000907,3.000000,0.200000
28.664991,1763291310.285833,1763291269,1,1,2.410561,1.377463,0.448669,0.001703,0.000000,0.000896,3.000000,0.200000
28.666982,1763291310.285833,1763291269,1,1,2.066195,0.000000,0.448669,0.001703,0.000000,0.000946,3.000000,0.200000
28.668989,1763291310.285833,1763291269,1,1,3.099293,0.000000,0.448669,0.001699,0.000000,-0.000803,3.000000,0.200000
28.670997,1763291310.285833,1763291269,1,1,2.410561,0.000000,0.448669,0.001699,0.000000,-0.000935,3.000000,0.200000
28.673002,1763291310.285833,1763291269,1,1,2.410561,0.000000,0.448669,0.001699,0.000000,-0.000946,3.000000,0.200000
28.674999,1763291310.285833,1763291269,1,1,2.410561,0.000000,0.448669,0.001699,0.000000,-0.000011,3.000000,0.200000
28.677006,1763291310.285833,1763291269,1,1,3.099293,0.000000,0.448669,0.001699,0.000000,0.000000,3.000000,0.200000
28.679012,1763291310.285833,1763291269,1,1,2.410561,0.000000,0.448669,0.001699,0.000000,0.000000,3.000000,0.200000
28.681004,1763291310.285833,1763291269,1,1,3.099293,0.000000,0.448669,0.001699,0.000000,0.000000,3.000000,0.200000
28.683008,1763291310.285833,1763291269,1,1,2.754927,0.000000,0.448669,0.001699,0.000000,0.000000,3.000000,0.200000
28.685017,1763291310.285833,1763291269,1,1,2.410561,0.000000,0.448669,0.001699,0.000000,0.000000,3.000000,0.200000
28.687020,1763291310.285833,1763291269,1,1,2.410561,0.000000,0.448669,0.001699,0.000000,0.000000,3.000000,0.200000
28.689014,1763291310.285833,1763291269,1,1,2.410561,0.000000,0.448669,0.001699,0.000000,0.000000,3.000000,0.200000
28.691020,1763291310.285833,1763291269,1,1,2.410561,0.000000,0.448669,0.001699,0.000000,0.000000,3.000000,0.200000
28.693013,1763291310.285833,1763291269,1,1,2.410561,1.377463,0.448669,0.001699,0.000000,0.000000,3.000000,0.200000
28.695012,1763291310.285833,1763291269,1,1,2.754927,0.000000,0.448669,0.001699,0.000000,0.000000,3.000000,0.200000
28.697016,1763291310.285833,1763291269,1,1,2.410561,1.377463,0.448669,0.001699,0.000000,0.000000,3.000000,0.200000
28.698985,1763291310.285833,1763291269,1,1,2.410561,1.033098,0.448669,0.001699,0.000000,0.000000,3.000000,0.200000
28.701017,1763291310.285833,1763291269,1,1,2.410561,0.000000,0.448669,0.001699,0.000000,0.000000,3.000000,0.200000
28.703006,1763291310.285833,1763291269,1,1,3.099293,1.377463,0.448669,0.001699,0.000000,0.000000,3.000000,0.200000
28.705001,1763291310.285833,1763291269,1,1,3.099293,0.000000,0.448669,0.001699,0.000000,0.000000,3.000000,0.200000
28.707007,1763291310.285833,1763291269,1,1,2.754927,0.000000,0.448669,0.001699,0.000000,0.000000,3.000000,0.200000
28.709011,1763291310.285833,1763291269,1,1,2.410561,0.000000,0.448669,0.001699,0.000000,0.000000,3.000000,0.200000
28.711019,1763291310.285833,1763291269,1,1,3.099293,0.000000,0.448669,0.001699,0.000000,0.000000,3.000000,0.200000
28.713024,1763291310.285833,1763291269,1,1,3.099293,0.000000,0.448669,0.001699,0.000000,0.000000,3.000000,0.200000
28.715026,1763291310.285833,1763291269,1,1,2.410561,0.688732,0.448669,0.001699,0.000000,0.000000,3.000000,0.200000
28.717023,1763291310.285833,1763291269,1,1,2.754927,0.000000,0.448669,0.001699,0.000000,0.000000,3.000000,0.200000
28.719036,1763291310.285833,1763291269,1,1,3.099293,0.000000,0.448669,0.001699,0.000000,0.000000,3.000000,0.200000
28.721033,1763291310.285833,1763291269,1,1,2.410561,0.000000,0.448669,0.001699,0.000000,0.000000,3.000000,0.200000
28.723024,1763291310.285833,1763291269,1,1,2.410561,0.000000,0.448669,0.001699,0.000000,0.000000,3.000000,0.200000
28.725029,1763291310.285833,1763291269,1,1,2.410561,0.000000,0.448669,0.001703,0.000000,0.000446,3.000000,0.200000
28.727042,1763291310.285833,1763291269,1,1,2.066195,0.000000,0.448669,0.001703,0.000000,0.000943,3.000000,0.200000
28.729030,1763291310.285833,1763291269,1,1,2.410561,0.000000,0.448669,0.001699,0.000000,-0.000440,3.000000,0.200000
28.731032,1763291310.285833,1763291269,1,1,3.099293,0.000000,0.448669,0.001699,0.000000,-0.000943,3.000000,0.200000
28.733046,1763291310.285833,1763291269,1,1,3.443659,0.000000,0.448669,0.001703,0.000000,0.000929,3.000000,0.200000
28.735048,1763291310.285833,1763291269,1,1,2.410561,0.000000,0.448669,0.001703,0.000000,0.000946,3.000000,0.200000
28.737032,1763291310.285833,1763291269,1,1,3.099293,0.000000,0.448669,0.001703,0.000000,0.000011,3.000000,0.200000
28.739023,1763291310.285833,1763291269,1,1,2.754927,0.000000,0.448669,0.001703,0.000000,0.000000,3.000000,0.200000
28.741027,1763291310.285833,1763291269,1,1,3.099293,0.000000,0.448669,0.001699,0.000000,-0.000806,3.000000,0.200000
28.743025,1763291310.285833,1763291269,1,1,2.410561,0.000000,0.448669,0.001699,0.000000,-0.000945,3.000000,0.200000
28.745016,1763291310.285833,1763291269,1,1,2.066195,0.000000,0.448669,0.001703,0.000000,0.000542,3.000000,0.200000
28.747018,1763291310.285833,1763291269,1,1,2.410561,1.033098,0.448669,0.001703,0.000000,0.000946,3.000000,0.200000
28.749026,1763291310.285833,1763291269,1,1,2.410561,0.000000,0.448669,0.001703,0.000000,0.000264,3.000000,0.200000
28.751009,1763291310.285833,1763291269,1,1,3.099293,0.000000,0.448669,0.001699,0.000000,-0.000871,3.000000,0.200000
28.753014,1763291310.285833,1763291269,1,1,2.754927,0.000000,0.448669,0.001699,0.000000,-0.000946,3.000000,0.200000
28.755017,1763291310.285833,1763291269,1,1,2.410561,0.000000,0.448669,0.001699,0.000000,-0.000006,3.000000,0.200000
28.757018,1763291310.285833,1763291269,1,1,1.721829,1.377463,0.448669,0.001699,0.000000,-0.000000,3.000000,0.200000
28.759020,1763291310.285833,1763291269,1,1,2.410561,0.000000,0.448669,0.001703,0.000000,0.000940,3.000000,0.200000
28.761035,1763291310.285833,1763291269,1,1,3.099293,1.377463,0.448669,0.001703,0.000000,0.000946,3.000000,0.200000
28.763039,1763291310.285833,1763291269,1,1,2.410561,0.000000,0.448669,0.001699,0.000000,-0.000901,3.000000,0.200000
28.765039,1763291310.285833,1763291269,1,1,3.099293,0.000000,0.448669,0.001699,0.000000,-0.000500,3.000000,0.200000
28.767040,1763291310.285833,1763291269,1,1,2.066195,1.377463,0.448669,0.001699,0.000000,-0.000039,3.000000,0.200000
28.769039,1763291310.285833,1763291269,1,1,2.410561,0.000000,0.448669,0.001699,0.000000,-0.000000,3.000000,0.200000
28.771048,1763291310.285833,1763291269,1,1,2.066195,0.000000,0.448669,0.001699,0.000000,0.000000,3.000000,0.200000
28.773048,1763291310.285833,1763291269,1,1,3.099293,0.000000,0.448669,0.001699,0.000000,0.000000,3.000000,0.200000
28.775049,1763291310.285833,1763291269,1,1,2.066195,0.000000,0.448669,0.001699,0.000000,0.000000,3.000000,0.200000
28.777048,1763291310.285833,1763291269,1,1,2.066195,1.377463,0.448669,0.001699,0.000000,0.000000,3.000000,0.200000
28.779024,1763291310.285833,1763291269,1,1,2.410561,0.000000,0.448669,0.001699,0.000000,0.000000,3.000000,0.200000
28.781006,1763291310.285833,1763291269,1,1,2.754927,0.000000,0.448669,0.001699,0.000000,0.000000,3.000000,0.200000
37.082432,1763291318.785317,1763291269,1,2,3.099293,0.000000,0.448706,0.001673,0.000000,0.000261,3.000000,0.200000
37.084433,1763291318.785317,1763291269,1,2,2.410561,0.000000,0.448706,0.001673,0.000000,0.000000,3.000000,0.200000
37.086447,1763291318.785317,1763291269,1,2,3.099293,0.000000,0.448706,0.001673,0.000000,0.000000,3.000000,0.200000
37.088449,1763291318.785317,1763291269,1,2,2.410561,0.688732,0.448706,0.001673,0.000000,0.000000,3.000000,0.200000
37.090443,1763291318.785317,1763291269,1,2,2.410561,0.000000,0.448706,0.001673,0.000000,0.000000,3.000000,0.200000
37.092448,1763291318.785317,1763291269,1,2,2.410561,0.000000,0.448706,0.001673,0.000000,0.000000,3.000000,0.200000
37.094459,1763291318.785317,1763291269,1,2,2.754927,0.000000,0.448706,0.001673,0.000000,0.000000,3.000000,0.200000
37.096451,1763291318.785317,1763291269,1,2,1.721829,0.000000,0.448706,0.001673,0.000000,0.000000,3.000000,0.200000
37.098445,1763291318.785317,1763291269,1,2,2.410561,1.377463,0.448706,0.001673,0.000000,0.000000,3.000000,0.200000
37.100451,1763291318.785317,1763291269,1,2,2.410561,0.000000,0.448706,0.001673,0.000000,0.000000,3.000000,0.200000
37.102453,1763291318.785317,1763291269,1,2,2.754927,0.000000,0.448706,0.001673,0.000000,0.000000,3.000000,0.200000
37.104440,1763291318.785317,1763291269,1,2,2.754927,0.000000,0.448706,0.001673,0.000000,0.000000,3.000000,0.200000
37.106440,1763291318.785317,1763291269,1,2,2.754927,0.000000,0.448706,0.001673,0.000000,0.000000,3.000000,0.200000
37.108441,1763291318.785317,1763291269,1,2,2.410561,0.000000,0.448706,0.001673,0.000000,0.000000,3.000000,0.200000
37.110397,1763291318.785317,1763291269,1,2,3.099293,0.000000,0.448706,0.001673,0.000000,0.000000,3.000000,0.200000
37.112399,1763291318.785317,1763291269,1,2,3.099293,0.000000,0.448706,0.001673,0.000000,0.000000,3.000000,0.200000
37.114401,1763291318.785317,1763291269,1,2,2.754927,0.000000,0.448706,0.001673,0.000000,0.000000,3.000000,0.200000
37.116407,1763291318.785317,1763291269,1,2,2.410561,0.000000,0.448706,0.001673,0.000000,0.000000,3.000000,0.200000
37.118472,1763291318.785317,1763291269,1,2,2.754927,0.000000,0.448706,0.001673,0.000000,0.000000,3.000000,0.200000
37.120468,1763291318.785317,1763291269,1,2,1.721829,0.688732,0.448706,0.001673,0.000000,0.000000,3.000000,0.200000
37.122481,1763291318.785317,1763291269,1,2,3.443659,0.000000,0.448706,0.001673,0.000000,0.000000,3.000000,0.200000
37.124460,1763291318.785317,1763291269,1,2,2.410561,0.000000,0.448706,0.001673,0.000000,0.000000,3.000000,0.200000
37.126470,1763291318.785317,1763291269,1,2,2.066195,0.000000,0.448706,0.001673,0.000000,0.000000,3.000000,0.200000
37.128470,1763291318.785317,1763291269,1,2,3.099293,0.000000,0.448706,0.001673,0.000000,0.000000,3.000000,0.200000
37.130472,1763291318.785317,1763291269,1,2,2.410561,1.377463,0.448706,0.001673,0.000000,0.000000,3.000000,0.200000
37.132472,1763291318.785317,1763291269,1,2,2.754927,0.000000,0.448706,0.001673,0.000000,0.000000,3.000000,0.200000
37.134485,1763291318.785317,1763291269,1,2,2.754927,0.000000,0.448706,0.001673,0.000000,0.000000,3.000000,0.200000
37.136503,1763291318.785317,1763291269,1,2,2.754927,0.000000,0.448706,0.001673,0.000000,0.000000,3.000000,0.200000
37.138485,1763291318.785317,1763291269,1,2,2.410561,0.000000,0.448706,0.001673,0.000000,0.000000,3.000000,0.200000
37.140484,1763291318.785317,1763291269,1,2,3.099293,0.000000,0.448706,0.001673,0.000000,0.000000,3.000000,0.200000
37.142475,1763291318.785317,1763291269,1,2,2.754927,1.377463,0.448706,0.001673,0.000000,0.000000,3.000000,0.200000
37.144415,1763291318.785317,1763291269,1,2,3.443659,1.377463,0.448706,0.001673,0.000000,0.000000,3.000000,0.200000
37.146414,1763291318.785317,1763291269,1,2,3.099293,0.000000,0.448706,0.001673,0.000000,0.000000,3.000000,0.200000
37.148426,1763291318.785317,1763291269,1,2,2.410561,0.000000,0.448706,0.001673,0.000000,0.000000,3.000000,0.200000
37.150416,1763291318.785317,1763291269,1,2,2.410561,1.377463,0.448706,0.001673,0.000000,0.000000,3.000000,0.200000
37.152421,1763291318.785317,1763291269,1,2,2.410561,0.000000,0.448706,0.001673,0.000000,0.000000,3.000000,0.200000
37.154421,1763291318.785317,1763291269,1,2,2.066195,0.000000,0.448706,0.001673,0.000000,0.000000,3.000000,0.200000
37.156425,1763291318.785317,1763291269,1,2,2.410561,0.000000,0.448706,0.001673,0.000000,0.000000,3.000000,0.200000
37.158496,1763291318.785317,1763291269,1,2,1.721829,0.000000,0.448706,0.001673,0.000000,0.000000,3.000000,0.200000
37.160496,1763291318.785317,1763291269,1,2,2.066195,0.000000,0.448706,0.001673,0.000000,0.000000,3.000000,0.200000
37.162498,1763291318.785317,1763291269,1,2,2.410561,0.000000,0.448706,0.001673,0.000000,0.000000,3.000000,0.200000
37.164484,1763291318.785317,1763291269,1,2,2.410561,0.000000,0.448706,0.001673,0.000000,0.000000,3.000000,0.200000
37.166429,1763291318.785317,1763291269,1,2,2.754927,1.377463,0.448706,0.001673,0.000000,0.000000,3.000000,0.200000
37.168465,1763291318.785317,1763291269,1,2,2.410561,0.000000,0.448706,0.001673,0.000000,0.000000,3.000000,0.200000
37.170422,1763291318.785317,1763291269,1,2,2.410561,0.000000,0.448706,0.001673,0.000000,0.000000,3.000000,0.200000
37.172481,1763291318.785317,1763291269,1,2,2.410561,0.000000,0.448706,0.001673,0.000000,0.000000,3.000000,0.200000
37.174422,1763291318.785317,1763291269,1,2,2.410561,0.000000,0.448706,0.001673,0.000000,0.000000,3.000000,0.200000
37.176436,1763291318.785317,1763291269,1,2,3.099293,0.000000,0.448706,0.001673,0.000000,0.000000,3.000000,0.200000
37.178436,1763291318.785317,1763291269,1,2,3.099293,0.000000,0.448706,0.001669,0.000000,-0.000872,3.000000,0.200000
37.180444,1763291318.785317,1763291269,1,2,2.410561,0.000000,0.448706,0.001673,0.000000,-0.000005,3.000000,0.200000
37.182433,1763291318.785317,1763291269,1,2,2.410561,0.000000,0.448706,0.001673,0.000000,0.000872,3.000000,0.200000
37.184438,1763291318.785317,1763291269,1,2,2.066195,0.000000,0.448706,0.001673,0.000000,0.000010,3.000000,0.200000
37.186432,1763291318.785317,1763291269,1,2,1.721829,0.000000,0.448706,0.001669,0.000000,-0.000806,3.000000,0.200000
37.188428,1763291318.785317,1763291269,1,2,2.410561,0.000000,0.448706,0.001669,0.000000,-0.000945,3.000000,0.200000
37.190432,1763291318.785317,1763291269,1,2,2.410561,0.000000,0.448706,0.001673,0.000000,0.000732,3.000000,0.200000
37.192484,1763291318.785317,1763291269,1,2,2.754927,0.000000,0.448706,0.001673,0.000000,0.000945,3.000000,0.200000
37.194438,1763291318.785317,1763291269,1,2,2.410561,1.377463,0.448706,0.001673,0.000000,0.000074,3.000000,0.200000
37.196425,1763291318.785317,1763291269,1,2,2.410561,0.000000,0.448706,0.001673,0.000000,0.000000,3.000000,0.200000
37.198483,1763291318.785317,1763291269,1,2,2.410561,0.000000,0.448706,0.001673,0.000000,0.000000,3.000000,0.200000
37.200426,1763291318.785317,1763291269,1,2,1.721829,0.000000,0.448706,0.001673,0.000000,0.000000,3.000000,0.200000
37.202425,1763291318.785317,1763291269,1,2,3.099293,0.000000,0.448706,0.001673,0.000000,0.000000,3.000000,0.200000
37.204427,1763291318.785317,1763291269,1,2,2.410561,1.377463,0.448706,0.001673,0.000000,0.000000,3.000000,0.200000
37.206464,1763291318.785317,1763291269,1,2,2.066195,1.033098,0.448706,0.001673,0.000000,0.000000,3.000000,0.200000
37.208433,1763291318.785317,1763291269,1,2,2.410561,1.377463,0.448706,0.001673,0.000000,0.000000,3.000000,0.200000
37.210435,1763291318.785317,1763291269,1,2,2.410561,0.000000,0.448706,0.001673,0.000000,0.000000,3.000000,0.200000
37.212496,1763291318.785317,1763291269,1,2,3.099293,1.377463,0.448706,0.001673,0.000000,0.000000,3.000000,0.200000
37.214441,1763291318.785317,1763291269,1,2,2.754927,1.377463,0.448706,0.001673,0.000000,0.000000,3.000000,0.200000
37.216436,1763291318.785317,1763291269,1,2,3.099293,0.000000,0.448706,0.001673,0.000000,0.000000,3.000000,0.200000
37.218469,1763291318.785317,1763291269,1,2,2.410561,0.000000,0.448706,0.001673,0.000000,0.000000,3.000000,0.200000
37.220468,1763291318.785317,1763291269,1,2,1.721829,0.000000,0.448706,0.001673,0.000000,0.000000,3.000000,0.200000
37.222431,1763291318.785317,1763291269,1,2,3.099293,0.000000,0.448706,0.001673,0.000000,0.000000,3.000000,0.200000
37.224430,1763291318.785317,1763291269,1,2,3.099293,0.000000,0.448706,0.001673,0.000000,0.000000,3.000000,0.200000
37.226466,1763291318.785317,1763291269,1,2,2.066195,0.000000,0.448706,0.001673,0.000000,0.000000,3.000000,0.200000
37.228428,1763291318.785317,1763291269,1,2,2.410561,0.000000,0.448706,0.001673,0.000000,0.000000,3.000000,0.200000
37.230427,1763291318.785317,1763291269,1,2,2.754927,0.000000,0.448706,0.001673,0.000000,0.000000,3.000000,0.200000
37.232436,1763291318.785317,1763291269,1,2,2.410561,1.377463,0.448706,0.001673,0.000000,0.000000,3.000000,0.200000
37.234444,1763291318.785317,1763291269,1,2,2.410561,0.000000,0.448706,0.001673,0.000000,0.000000,3.000000,0.200000
37.236430,1763291318.785317,1763291269,1,2,2.410561,1.377463,0.448706,0.001673,0.000000,0.000000,3.000000,0.200000
37.238432,1763291318.785317,1763291269,1,2,2.410561,0.000000,0.448706,0.001673,0.000000,0.000000,3.000000,0.200000
37.240433,1763291318.785317,1763291269,1,2,3.099293,0.000000,0.448706,0.001673,0.000000,0.000000,3.000000,0.200000
37.242433,1763291318.785317,1763291269,1,2,2.410561,1.377463,0.448706,0.001673,0.000000,0.000000,3.000000,0.200000
37.244434,1763291318.785317,1763291269,1,2,3.099293,0.000000,0.448706,0.001673,0.000000,0.000000,3.000000,0.200000
37.246447,1763291318.785317,1763291269,1,2,2.410561,0.000000,0.448706,0.001673,0.000000,0.000000,3.000000,0.200000
37.248444,1763291318.785317,1763291269,1,2,2.754927,1.377463,0.448706,0.001673,0.000000,0.000000,3.000000,0.200000
37.250447,1763291318.785317,1763291269,1,2,2.410561,0.000000,0.448706,0.001673,0.000000,0.000000,3.000000,0.200000
37.252508,1763291318.785317,1763291269,1,2,2.754927,0.000000,0.448706,0.001673,0.000000,0.000000,3.000000,0.200000
37.254518,1763291318.785317,1763291269,1,2,3.099293,0.000000,0.448706,0.001673,0.000000,0.000000,3.000000,0.200000
37.256520,1763291318.785317,1763291269,1,2,2.754927,0.000000,0.448706,0.001673,0.000000,0.000000,3.000000,0.200000
37.258523,1763291318.785317,1763291269,1,2,1.721829,0.000000,0.448706,0.001673,0.000000,0.000000,3.000000,0.200000
37.260507,1763291318.785317,1763291269,1,2,2.410561,0.000000,0.448706,0.001673,0.000000,0.000000,3.000000,0.200000
37.262461,1763291318.785317,1763291269,1,2,2.410561,0.000000,0.448706,0.001673,0.000000,0.000000,3.000000,0.200000
37.264456,1763291318.785317,1763291269,1,2,1.721829,0.000000,0.448706,0.001673,0.000000,0.000000,3.000000,0.200000
37.266472,1763291318.785317,1763291269,1,2,2.410561,0.000000,0.448706,0.001673,0.000000,0.000000,3.000000,0.200000
37.268459,1763291318.785317,1763291269,1,2,1.721829,0.000000,0.448706,0.001673,0.000000,0.000000,3.000000,0.200000
37.270452,1763291318.785317,1763291269,1,2,2.410561,0.000000,0.448706,0.001673,0.000000,0.000000,3.000000,0.200000
37.272455,1763291318.785317,1763291269,1,2,1.721829,0.000000,0.448706,0.001673,0.000000,0.000000,3.000000,0.200000
37.274456,1763291318.785317,1763291269,1,2,2.410561,0.000000,0.448706,0.001673,0.000000,0.000000,3.000000,0.200000
37.276451,1763291318.785317,1763291269,1,2,2.410561,1.377463,0.448706,0.001673,0.000000,0.000000,3.000000,0.200000
37.278450,1763291318.785317,1763291269,1,2,2.754927,0.000000,0.448706,0.001673,0.000000,0.000000,3.000000,0.200000
37.280458,1763291318.785317,1763291269,1,2,2.754927,0.000000,0.448706,0.001673,0.000000,0.000000,3.000000,0.200000
45.597376,1763291327.300210,1763291269,1,3,-1.377463,0.000000,0.450856,0.001673,0.000000,0.000000,3.000000,0.200000
45.599371,1763291327.300210,1763291269,1,3,-1.377463,0.000000,0.450856,0.001673,0.000000,0.000000,3.000000,0.200000
45.601375,1763291327.300210,1763291269,1,3,-1.033098,0.000000,0.450856,0.001673,0.000000,0.000000,3.000000,0.200000
45.603378,1763291327.300210,1763291269,1,3,-1.377463,0.000000,0.450856,0.001673,0.000000,0.000000,3.000000,0.200000
45.605370,1763291327.300210,1763291269,1,3,-1.377463,0.000000,0.450856,0.001673,0.000000,0.000000,3.000000,0.200000
45.607374,1763291327.300210,1763291269,1,3,-1.377463,0.000000,0.450856,0.001673,0.000000,0.000000,3.000000,0.200000
45.609374,1763291327.300210,1763291269,1,3,-1.377463,0.000000,0.450856,0.001673,0.000000,0.000000,3.000000,0.200000
45.611374,1763291327.300210,1763291269,1,3,-1.033098,0.000000,0.450856,0.001673,0.000000,0.000000,3.000000,0.200000
45.613370,1763291327.300210,1763291269,1,3,-1.033098,0.000000,0.450856,0.001673,0.000000,0.000000,3.000000,0.200000
45.615376,1763291327.300210,1763291269,1,3,-1.377463,0.000000,0.450856,0.001673,0.000000,0.000000,3.000000,0.200000
45.617376,1763291327.300210,1763291269,1,3,-1.377463,1.377463,0.450856,0.001673,0.000000,0.000000,3.000000,0.200000
45.619373,1763291327.300210,1763291269,1,3,-1.033098,1.377463,0.450856,0.001673,0.000000,0.000000,3.000000,0.200000
45.621375,1763291327.300210,1763291269,1,3,-1.721829,0.000000,0.450856,0.001673,0.000000,0.000000,3.000000,0.200000
45.623378,1763291327.300210,1763291269,1,3,-1.377463,0.000000,0.450856,0.001673,0.000000,0.000000,3.000000,0.200000
45.625384,1763291327.300210,1763291269,1,3,-1.033098,-0.688732,0.450856,0.001673,0.000000,0.000000,3.000000,0.200000
45.627378,1763291327.300210,1763291269,1,3,-1.377463,1.377463,0.450856,0.001673,0.000000,0.000000,3.000000,0.200000
45.629385,1763291327.300210,1763291269,1,3,-1.377463,0.000000,0.450856,0.001673,0.000000,0.000000,3.000000,0.200000
45.631385,1763291327.300210,1763291269,1,3,-1.721829,0.000000,0.450856,0.001673,0.000000,0.000000,3.000000,0.200000
45.633380,1763291327.300210,1763291269,1,3,-1.377463,0.000000,0.450856,0.001673,0.000000,0.000000,3.000000,0.200000
45.635386,1763291327.300210,1763291269,1,3,-1.377463,1.033098,0.450856,0.001673,0.000000,0.000000,3.000000,0.200000
45.637348,1763291327.300210,1763291269,1,3,-1.377463,1.377463,0.450856,0.001673,0.000000,0.000000,3.000000,0.200000
45.639342,1763291327.300210,1763291269,1,3,-1.033098,0.000000,0.450856,0.001673,0.000000,0.000000,3.000000,0.200000
45.641387,1763291327.300210,1763291269,1,3,-1.377463,0.000000,0.450856,0.001673,0.000000,0.000000,3.000000,0.200000
45.643385,1763291327.300210,1763291269,1,3,-1.377463,0.000000,0.450856,0.001673,0.000000,0.000000,3.000000,0.200000
45.645388,1763291327.300210,1763291269,1,3,-1.377463,1.033098,0.450856,0.001673,0.000000,0.000000,3.000000,0.200000
45.647383,1763291327.300210,1763291269,1,3,-1.377463,0.000000,0.450856,0.001673,0.000000,0.000000,3.000000,0.200000
45.649387,1763291327.300210,1763291269,1,3,-1.377463,0.000000,0.450856,0.001673,0.000000,-0.000480,3.000000,0.200000
45.651390,1763291327.300210,1763291269,1,3,-1.377463,0.000000,0.450856,0.001673,0.000000,-0.000003,3.000000,0.200000
45.653390,1763291327.300210,1763291269,1,3,-1.033098,0.000000,0.450856,0.001673,0.000000,0.000907,3.000000,0.200000
45.655387,1763291327.300210,1763291269,1,3,-1.377463,0.688732,0.450856,0.001673,0.000000,0.000000,3.000000,0.200000
45.657386,1763291327.300210,1763291269,1,3,-1.033098,0.000000,0.450856,0.001673,0.000000,0.000000,3.000000,0.200000
45.659392,1763291327.300210,1763291269,1,3,-1.377463,0.000000,0.450856,0.001673,0.000000,-0.000682,3.000000,0.200000
45.661387,1763291327.300210,1763291269,1,3,-1.721829,1.377463,0.450856,0.001669,0.000000,-0.000945,3.000000,0.200000
45.663393,1763291327.300210,1763291269,1,3,-1.721829,0.000000,0.450856,0.001673,0.000000,0.000676,3.000000,0.200000
45.665392,1763291327.300210,1763291269,1,3,-1.377463,0.000000,0.450856,0.001673,0.000000,0.000074,3.000000,0.200000
45.667388,1763291327.300210,1763291269,1,3,-1.033098,0.000000,0.450856,0.001673,0.000000,0.000006,3.000000,0.200000
45.669394,1763291327.300210,1763291269,1,3,-1.033098,0.000000,0.450856,0.001673,0.000000,0.000000,3.000000,0.200000
45.671390,1763291327.300210,1763291269,1,3,-1.721829,0.688732,0.450856,0.001673,0.000000,0.000000,3.000000,0.200000
45.673396,1763291327.300210,1763291269,1,3,-1.033098,0.000000,0.450856,0.001673,0.000000,0.000000,3.000000,0.200000
45.675390,1763291327.300210,1763291269,1,3,-1.377463,0.000000,0.450856,0.001673,0.000000,0.000000,3.000000,0.200000
45.677397,1763291327.300210,1763291269,1,3,-1.033098,1.377463,0.450856,0.001673,0.000000,0.000000,3.000000,0.200000
45.679401,1763291327.300210,1763291269,1,3,-1.377463,0.000000,0.450856,0.001673,0.000000,0.000000,3.000000,0.200000
45.681392,1763291327.300210,1763291269,1,3,-1.377463,0.000000,0.450856,0.001673,0.000000,0.000000,3.000000,0.200000
45.683398,1763291327.300210,1763291269,1,3,-1.377463,0.000000,0.450856,0.001673,0.000000,0.000000,3.000000,0.200000
45.685396,1763291327.300210,1763291269,1,3,-1.377463,0.000000,0.450856,0.001673,0.000000,0.000000,3.000000,0.200000
45.687399,1763291327.300210,1763291269,1,3,-1.377463,0.000000,0.450856,0.001673,0.000000,0.000000,3.000000,0.200000
45.689394,1763291327.300210,1763291269,1,3,-1.377463,0.000000,0.450856,0.001673,0.000000,0.000000,3.000000,0.200000
45.691400,1763291327.300210,1763291269,1,3,-1.033098,0.000000,0.450856,0.001673,0.000000,0.000000,3.000000,0.200000
45.693401,1763291327.300210,1763291269,1,3,-1.721829,1.377463,0.450856,0.001673,0.000000,0.000000,3.000000,0.200000
45.695401,1763291327.300210,1763291269,1,3,-1.377463,0.000000,0.450856,0.001673,0.000000,0.000000,3.000000,0.200000
45.697407,1763291327.300210,1763291269,1,3,-1.377463,0.000000,0.450856,0.001673,0.000000,0.000000,3.000000,0.200000
45.699402,1763291327.300210,1763291269,1,3,-1.377463,0.000000,0.450856,0.001673,0.000000,0.000000,3.000000,0.200000
45.701409,1763291327.300210,1763291269,1,3,-1.377463,0.000000,0.450856,0.001673,0.000000,0.000000,3.000000,0.200000
45.703402,1763291327.300210,1763291269,1,3,-1.377463,0.000000,0.450856,0.001673,0.000000,0.000000,3.000000,0.200000
45.705402,1763291327.300210,1763291269,1,3,-1.377463,0.000000,0.450856,0.001673,0.000000,0.000000,3.000000,0.200000
45.707411,1763291327.300210,1763291269,1,3,-1.721829,0.000000,0.450856,0.001673,0.000000,0.000000,3.000000,0.200000
45.709405,1763291327.300210,1763291269,1,3,-1.377463,0.000000,0.450856,0.001673,0.000000,0.000000,3.000000,0.200000
45.711412,1763291327.300210,1763291269,1,3,-1.721829,0.688732,0.450856,0.001673,0.000000,0.000000,3.000000,0.200000
45.713407,1763291327.300210,1763291269,1,3,-1.377463,0.000000,0.450856,0.001673,0.000000,0.000000,3.000000,0.200000
45.715413,1763291327.300210,1763291269,1,3,-1.377463,0.000000,0.450856,0.001673,0.000000,0.000000,3.000000,0.200000
45.717406,1763291327.300210,1763291269,1,3,-1.721829,0.000000,0.450856,0.001673,0.000000,0.000000,3.000000,0.200000
45.719415,1763291327.300210,1763291269,1,3,-1.721829,0.000000,0.450856,0.001673,0.000000,0.000000,3.000000,0.200000
45.721414,1763291327.300210,1763291269,1,3,-1.033098,0.000000,0.450856,0.001673,0.000000,0.000000,3.000000,0.200000
45.723410,1763291327.300210,1763291269,1,3,-1.377463,1.377463,0.450856,0.001673,0.000000,0.000000,3.000000,0.200000
45.725416,1763291327.300210,1763291269,1,3,-1.377463,0.000000,0.450856,0.001673,0.000000,0.000000,3.000000,0.200000
45.727412,1763291327.300210,1763291269,1,3,-1.377463,0.000000,0.450856,0.001673,0.000000,0.000000,3.000000,0.200000
45.729417,1763291327.300210,1763291269,1,3,-1.377463,0.000000,0.450856,0.001673,0.000000,0.000000,3.000000,0.200000
45.731410,1763291327.300210,1763291269,1,3,-1.721829,0.000000,0.450856,0.001673,0.000000,0.000000,3.000000,0.200000
45.733415,1763291327.300210,1763291269,1,3,-1.377463,0.000000,0.450856,0.001673,0.000000,0.000000,3.000000,0.200000
45.735421,1763291327.300210,1763291269,1,3,-1.377463,0.000000,0.450856,0.001673,0.000000,0.000000,3.000000,0.200000
45.737412,1763291327.300210,1763291269,1,3,-1.033098,0.000000,0.450856,0.001673,0.000000,0.000000,3.000000,0.200000
45.739420,1763291327.300210,1763291269,1,3,-1.377463,0.000000,0.450856,0.001673,0.000000,0.000000,3.000000,0.200000
45.741373,1763291327.300210,1763291269,1,3,-1.377463,0.000000,0.450856,0.001673,0.000000,0.000000,3.000000,0.200000
45.743370,1763291327.300210,1763291269,1,3,-1.721829,0.000000,0.450856,0.001673,0.000000,0.000000,3.000000,0.200000
45.745388,1763291327.300210,1763291269,1,3,-1.377463,0.000000,0.450856,0.001673,0.000000,0.000000,3.000000,0.200000
45.747374,1763291327.300210,1763291269,1,3,-1.033098,0.000000,0.450856,0.001673,0.000000,0.000000,3.000000,0.200000
45.749372,1763291327.300210,1763291269,1,3,-1.377463,0.000000,0.450856,0.001673,0.000000,0.000000,3.000000,0.200000
45.751421,1763291327.300210,1763291269,1,3,-1.377463,0.000000,0.450856,0.001673,0.000000,0.000000,3.000000,0.200000
45.753426,1763291327.300210,1763291269,1,3,-1.033098,1.377463,0.450856,0.001673,0.000000,0.000000,3.000000,0.200000
45.755431,1763291327.300210,1763291269,1,3,-1.033098,1.033098,0.450856,0.001673,0.000000,0.000000,3.000000,0.200000
45.757431,1763291327.300210,1763291269,1,3,-1.377463,0.000000,0.450856,0.001673,0.000000,0.000000,3.000000,0.200000
45.759433,1763291327.300210,1763291269,1,3,-1.377463,0.000000,0.450856,0.001673,0.000000,0.000000,3.000000,0.200000
45.761433,1763291327.300210,1763291269,1,3,-1.033098,0.000000,0.450856,0.001673,0.000000,0.000000,3.000000,0.200000
45.763434,1763291327.300210,1763291269,1,3,-1.377463,0.000000,0.450856,0.001673,0.000000,0.000000,3.000000,0.200000
45.765419,1763291327.300210,1763291269,1,3,-1.377463,1.377463,0.450856,0.001673,0.000000,0.000000,3.000000,0.200000
45.767385,1763291327.300210,1763291269,1,3,-1.377463,0.000000,0.450856,0.001673,0.000000,0.000000,3.000000,0.200000
45.769428,1763291327.300210,1763291269,1,3,-1.033098,0.000000,0.450856,0.001673,0.000000,0.000000,3.000000,0.200000
45.771428,1763291327.300210,1763291269,1,3,-1.721829,0.000000,0.450856,0.001673,0.000000,0.000000,3.000000,0.200000
45.773429,1763291327.300210,1763291269,1,3,-1.377463,1.377463,0.450856,0.001673,0.000000,0.000000,3.000000,0.200000
45.775428,1763291327.300210,1763291269,1,3,-1.033098,0.000000,0.450856,0.001673,0.000000,0.000000,3.000000,0.200000
45.777430,1763291327.300210,1763291269,1,3,-1.377463,0.000000,0.450856,0.001673,0.000000,0.000000,3.000000,0.200000
45.779384,1763291327.300210,1763291269,1,3,-1.721829,0.000000,0.450856,0.001673,0.000000,0.000000,3.000000,0.200000
45.781382,1763291327.300210,1763291269,1,3,-1.033098,0.000000,0.450856,0.001673,0.000000,0.000000,3.000000,0.200000
45.783376,1763291327.300210,1763291269,1,3,-1.377463,0.000000,0.450856,0.001673,0.000000,0.000000,3.000000,0.200000
45.785380,1763291327.300210,1763291269,1,3,-1.721829,0.000000,0.450856,0.001673,0.000000,0.000000,3.000000,0.200000
45.787381,1763291327.300210,1763291269,1,3,-1.033098,0.000000,0.450856,0.001673,0.000000,0.000000,3.000000,0.200000
45.789382,1763291327.300210,1763291269,1,3,-1.721829,0.000000,0.450856,0.001673,0.000000,0.000000,3.000000,0.200000
45.791382,1763291327.300210,1763291269,1,3,-1.377463,0.000000,0.450856,0.001673,0.000000,0.000000,3.000000,0.200000
45.793385,1763291327.300210,1763291269,1,3,-1.377463,0.000000,0.450856,0.001673,0.000000,0.000000,3.000000,0.200000
45.795389,1763291327.300210,1763291269,1,3,-1.033098,1.033098,0.450856,0.001673,0.000000,0.000000,3.000000,0.200000
54.082911,1763291335.785807,1763291269,1,4,-1.721829,0.000000,0.450978,0.001673,0.000000,0.000000,3.000000,0.200000
54.084811,1763291335.785807,1763291269,1,4,-1.721829,0.000000,0.450978,0.001673,0.000000,0.000000,3.000000,0.200000
54.086722,1763291335.785807,1763291269,1,4,-1.721829,0.000000,0.450978,0.001673,0.000000,0.000000,3.000000,0.200000
54.088715,1763291335.785807,1763291269,1,4,-1.721829,0.000000,0.450978,0.001673,0.000000,0.000000,3.000000,0.200000
54.091095,1763291335.785807,1763291269,1,4,-1.721829,0.000000,0.450978,0.001673,0.000000,0.000000,3.000000,0.200000
54.093082,1763291335.785807,1763291269,1,4,-1.721829,0.000000,0.450978,0.001673,0.000000,0.000000,3.000000,0.200000
54.095020,1763291335.785807,1763291269,1,4,-2.066195,0.000000,0.450978,0.001673,0.000000,0.000000,3.000000,0.200000
54.097011,1763291335.785807,1763291269,1,4,-1.721829,0.000000,0.450978,0.001673,0.000000,0.000000,3.000000,0.200000
54.099019,1763291335.785807,1763291269,1,4,-1.721829,0.000000,0.450978,0.001673,0.000000,0.000000,3.000000,0.200000
54.101034,1763291335.785807,1763291269,1,4,-1.721829,0.000000,0.450978,0.001673,0.000000,0.000000,3.000000,0.200000
54.102997,1763291335.785807,1763291269,1,4,-1.721829,0.000000,0.450978,0.001673,0.000000,0.000000,3.000000,0.200000
54.104988,1763291335.785807,1763291269,1,4,-2.066195,0.000000,0.450978,0.001673,0.000000,0.000000,3.000000,0.200000
54.107001,1763291335.785807,1763291269,1,4,-1.721829,0.000000,0.450978,0.001673,0.000000,0.000000,3.000000,0.200000
54.108987,1763291335.785807,1763291269,1,4,-1.721829,0.000000,0.450978,0.001673,0.000000,0.000000,3.000000,0.200000
54.110964,1763291335.785807,1763291269,1,4,-1.721829,0.000000,0.450978,0.001673,0.000000,0.000000,3.000000,0.200000
54.112966,1763291335.785807,1763291269,1,4,-1.721829,0.000000,0.450978,0.001673,0.000000,0.000000,3.000000,0.200000
54.114936,1763291335.785807,1763291269,1,4,-1.377463,0.000000,0.450978,0.001673,0.000000,0.000000,3.000000,0.200000
54.116938,1763291335.785807,1763291269,1,4,-1.721829,0.000000,0.450978,0.001673,0.000000,0.000000,3.000000,0.200000
54.118965,1763291335.785807,1763291269,1,4,-1.721829,0.000000,0.450978,0.001673,0.000000,0.000000,3.000000,0.200000
54.120934,1763291335.785807,1763291269,1,4,-1.721829,0.000000,0.450978,0.001673,0.000000,0.000000,3.000000,0.200000
54.122933,1763291335.785807,1763291269,1,4,-1.721829,0.000000,0.450978,0.001673,0.000000,0.000000,3.000000,0.200000
54.124936,1763291335.785807,1763291269,1,4,-1.721829,0.000000,0.450978,0.001673,0.000000,0.000000,3.000000,0.200000
54.126935,1763291335.785807,1763291269,1,4,-1.721829,0.000000,0.450978,0.001673,0.000000,0.000000,3.000000,0.200000
54.128922,1763291335.785807,1763291269,1,4,-1.721829,0.000000,0.450978,0.001673,0.000000,0.000000,3.000000,0.200000
54.130935,1763291335.785807,1763291269,1,4,-1.721829,0.000000,0.450978,0.001673,0.000000,0.000000,3.000000,0.200000
54.132936,1763291335.785807,1763291269,1,4,-2.066195,0.000000,0.450978,0.001673,0.000000,0.000000,3.000000,0.200000
54.134937,1763291335.785807,1763291269,1,4,-1.721829,2.066195,0.450978,0.001673,0.000000,0.000000,3.000000,0.200000
54.136937,1763291335.785807,1763291269,1,4,-2.066195,1.377463,0.450978,0.001673,0.000000,0.000000,3.000000,0.200000
54.138939,1763291335.785807,1763291269,1,4,-2.066195,0.000000,0.450978,0.001673,0.000000,0.000000,3.000000,0.200000
54.141072,1763291335.785807,1763291269,1,4,-1.033098,0.000000,0.450978,0.001673,0.000000,0.000000,3.000000,0.200000
54.143069,1763291335.785807,1763291269,1,4,-1.721829,0.000000,0.450978,0.001673,0.000000,0.000000,3.000000,0.200000
54.145012,1763291335.785807,1763291269,1,4,-1.721829,0.000000,0.450978,0.001673,0.000000,0.000000,3.000000,0.200000
54.147059,1763291335.785807,1763291269,1,4,-1.721829,0.000000,0.450978,0.001673,0.000000,0.000000,3.000000,0.200000
54.148949,1763291335.785807,1763291269,1,4,-2.066195,0.000000,0.450978,0.001673,0.000000,0.000000,3.000000,0.200000
54.150941,1763291335.785807,1763291269,1,4,-2.066195,0.000000,0.450978,0.001673,0.000000,0.000000,3.000000,0.200000
54.152950,1763291335.785807,1763291269,1,4,-1.721829,0.000000,0.450978,0.001673,0.000000,0.000000,3.000000,0.200000
54.154954,1763291335.785807,1763291269,1,4,-1.721829,0.000000,0.450978,0.001673,0.000000,0.000000,3.000000,0.200000
54.156928,1763291335.785807,1763291269,1,4,-1.721829,0.000000,0.450978,0.001673,0.000000,0.000000,3.000000,0.200000
54.158945,1763291335.785807,1763291269,1,4,-1.721829,0.000000,0.450978,0.001673,0.000000,0.000000,3.000000,0.200000
54.160946,1763291335.785807,1763291269,1,4,-1.721829,0.000000,0.450978,0.001673,0.000000,0.000000,3.000000,0.200000
54.162950,1763291335.785807,1763291269,1,4,-1.377463,0.000000,0.450978,0.001673,0.000000,0.000000,3.000000,0.200000
54.164953,1763291335.785807,1763291269,1,4,-1.721829,0.000000,0.450978,0.001673,0.000000,0.000000,3.000000,0.200000
54.166955,1763291335.785807,1763291269,1,4,-1.721829,0.688732,0.450978,0.001673,0.000000,0.000000,3.000000,0.200000
54.168959,1763291335.785807,1763291269,1,4,-1.721829,0.000000,0.450978,0.001673,0.000000,0.000000,3.000000,0.200000
54.170964,1763291335.785807,1763291269,1,4,-1.721829,1.033098,0.450978,0.001673,0.000000,0.000000,3.000000,0.200000
54.172970,1763291335.785807,1763291269,1,4,-1.721829,1.377463,0.450978,0.001673,0.000000,0.000000,3.000000,0.200000
54.174968,1763291335.785807,1763291269,1,4,-1.721829,0.000000,0.450978,0.001673,0.000000,0.000000,3.000000,0.200000
54.176970,1763291335.785807,1763291269,1,4,-1.721829,1.377463,0.450978,0.001673,0.000000,0.000000,3.000000,0.200000
54.178974,1763291335.785807,1763291269,1,4,-2.066195,1.377463,0.450978,0.001673,0.000000,0.000000,3.000000,0.200000
54.180978,1763291335.785807,1763291269,1,4,-2.066195,1.377463,0.450978,0.001673,0.000000,0.000000,3.000000,0.200000
54.182975,1763291335.785807,1763291269,1,4,-1.721829,0.000000,0.450978,0.001673,0.000000,0.000000,3.000000,0.200000
54.184976,1763291335.785807,1763291269,1,4,-1.721829,0.000000,0.450978,0.001673,0.000000,0.000000,3.000000,0.200000
54.186978,1763291335.785807,1763291269,1,4,-1.721829,0.000000,0.450978,0.001673,0.000000,0.000000,3.000000,0.200000
54.188972,1763291335.785807,1763291269,1,4,-1.721829,0.000000,0.450978,0.001673,0.000000,0.000000,3.000000,0.200000
54.190973,1763291335.785807,1763291269,1,4,-2.066195,1.377463,0.450978,0.001673,0.000000,0.000000,3.000000,0.200000
54.192976,1763291335.785807,1763291269,1,4,-1.721829,0.000000,0.450978,0.001673,0.000000,0.000000,3.000000,0.200000
54.194977,1763291335.785807,1763291269,1,4,-1.721829,0.000000,0.450978,0.001673,0.000000,0.000000,3.000000,0.200000
54.196973,1763291335.785807,1763291269,1,4,-1.721829,0.000000,0.450978,0.001673,0.000000,0.000000,3.000000,0.200000
54.198972,1763291335.785807,1763291269,1,4,-1.721829,1.377463,0.450978,0.001673,0.000000,0.000000,3.000000,0.200000
54.200974,1763291335.785807,1763291269,1,4,-1.721829,0.000000,0.450978,0.001673,0.000000,0.000000,3.000000,0.200000
54.202981,1763291335.785807,1763291269,1,4,-1.721829,0.000000,0.450978,0.001673,0.000000,0.000000,3.000000,0.200000
54.204973,1763291335.785807,1763291269,1,4,-1.721829,0.000000,0.450978,0.001673,0.000000,0.000000,3.000000,0.200000
54.206983,1763291335.785807,1763291269,1,4,-1.721829,0.000000,0.450978,0.001673,0.000000,0.000000,3.000000,0.200000
54.208974,1763291335.785807,1763291269,1,4,-1.721829,0.000000,0.450978,0.001673,0.000000,0.000000,3.000000,0.200000
54.210975,1763291335.785807,1763291269,1,4,-1.721829,0.000000,0.450978,0.001673,0.000000,0.000000,3.000000,0.200000
54.212980,1763291335.785807,1763291269,1,4,-1.721829,1.377463,0.450978,0.001673,0.000000,0.000000,3.000000,0.200000
54.214975,1763291335.785807,1763291269,1,4,-1.721829,0.000000,0.450978,0.001673,0.000000,0.000000,3.000000,0.200000
54.216975,1763291335.785807,1763291269,1,4,-1.721829,0.000000,0.450978,0.001673,0.000000,0.000000,3.000000,0.200000
54.218948,1763291335.785807,1763291269,1,4,-1.377463,1.377463,0.450978,0.001673,0.000000,0.000000,3.000000,0.200000
54.220948,1763291335.785807,1763291269,1,4,-1.377463,0.000000,0.450978,0.001673,0.000000,0.000000,3.000000,0.200000
54.222979,1763291335.785807,1763291269,1,4,-1.721829,0.000000,0.450978,0.001673,0.000000,0.000000,3.000000,0.200000
54.224984,1763291335.785807,1763291269,1,4,-1.721829,0.000000,0.450978,0.001673,0.000000,0.000000,3.000000,0.200000
54.226983,1763291335.785807,1763291269,1,4,-1.721829,0.000000,0.450978,0.001673,0.000000,0.000000,3.000000,0.200000
54.228987,1763291335.785807,1763291269,1,4,-1.721829,1.377463,0.450978,0.001673,0.000000,0.000000,3.000000,0.200000
54.230993,1763291335.785807,1763291269,1,4,-1.721829,0.000000,0.450978,0.001673,0.000000,0.000000,3.000000,0.200000
54.232992,1763291335.785807,1763291269,1,4,-1.721829,0.000000,0.450978,0.001673,0.000000,0.000000,3.000000,0.200000
54.234995,1763291335.785807,1763291269,1,4,-1.721829,0.000000,0.450978,0.001673,0.000000,0.000000,3.000000,0.200000
54.236998,1763291335.785807,1763291269,1,4,-1.377463,0.000000,0.450978,0.001673,0.000000,0.000000,3.000000,0.200000
54.239000,1763291335.785807,1763291269,1,4,-1.721829,0.000000,0.450978,0.001673,0.000000,0.000000,3.000000,0.200000
54.241003,1763291335.785807,1763291269,1,4,-1.721829,0.000000,0.450978,0.001673,0.000000,0.000000,3.000000,0.200000
54.242998,1763291335.785807,1763291269,1,4,-1.721829,1.377463,0.450978,0.001673,0.000000,0.000000,3.000000,0.200000
54.245005,1763291335.785807,1763291269,1,4,-1.721829,0.000000,0.450978,0.001673,0.000000,0.000000,3.000000,0.200000
54.247005,1763291335.785807,1763291269,1,4,-1.721829,0.000000,0.450978,0.001673,0.000000,0.000000,3.000000,0.200000
54.249007,1763291335.785807,1763291269,1,4,-2.066195,0.000000,0.450978,0.001673,0.000000,0.000000,3.000000,0.200000
54.251021,1763291335.785807,1763291269,1,4,-1.721829,0.688732,0.450978,0.001673,0.000000,0.000000,3.000000,0.200000
54.253006,1763291335.785807,1763291269,1,4,-1.721829,0.000000,0.450978,0.001673,0.000000,0.000000,3.000000,0.200000
54.255012,1763291335.785807,1763291269,1,4,-1.721829,0.000000,0.450978,0.001673,0.000000,0.000000,3.000000,0.200000
54.257007,1763291335.785807,1763291269,1,4,-1.721829,1.377463,0.450978,0.001673,0.000000,0.000000,3.000000,0.200000
54.259022,1763291335.785807,1763291269,1,4,-1.721829,1.377463,0.450978,0.001673,0.000000,0.000000,3.000000,0.200000
54.261008,1763291335.785807,1763291269,1,4,-1.721829,0.000000,0.450978,0.001673,0.000000,0.000000,3.000000,0.200000
54.263016,1763291335.785807,1763291269,1,4,-1.721829,0.000000,0.450978,0.001673,0.000000,0.000000,3.000000,0.200000
54.265011,1763291335.785807,1763291269,1,4,-1.721829,1.033098,0.450978,0.001673,0.000000,0.000000,3.000000,0.200000
54.267004,1763291335.785807,1763291269,1,4,-1.721829,0.000000,0.450978,0.001673,0.000000,0.000000,3.000000,0.200000
54.269006,1763291335.785807,1763291269,1,4,-1.721829,0.000000,0.450978,0.001673,0.000000,0.000000,3.000000,0.200000
54.271006,1763291335.785807,1763291269,1,4,-1.721829,0.000000,0.450978,0.001673,0.000000,0.000000,3.000000,0.200000
54.273006,1763291335.785807,1763291269,1,4,-1.721829,0.000000,0.450978,0.001673,0.000000,0.000000,3.000000,0.200000
54.274999,1763291335.785807,1763291269,1,4,-1.377463,0.000000,0.450978,0.001673,0.000000,0.000000,3.000000,0.200000
54.277006,1763291335.785807,1763291269,1,4,-1.377463,0.000000,0.450978,0.001673,0.000000,0.000000,3.000000,0.200000
54.279004,1763291335.785807,1763291269,1,4,-1.721829,1.033098,0.450978,0.001673,0.000000,0.000000,3.000000,0.200000
54.281004,1763291335.785807,1763291269,1,4,-2.066195,0.000000,0.450978,0.001673,0.000000,0.000000,3.000000,0.200000
