time,sys_time,session_id,pos_x,pos_y,vel_x,vel_y,fcmd_x,fcmd_y,fs_x,fs_y
0.041396,1763291276.260576,1763291269,0.000492,0.000185,0.003998,0.000074,0.000000,0.000000,0.000000,0.344366
0.061330,1763291276.280468,1763291269,0.000500,0.000185,0.002353,0.000946,0.000000,0.000000,0.000000,0.344366
0.081318,1763291276.300451,1763291269,0.000496,0.000185,-0.000942,0.000000,0.000000,0.000000,0.000000,0.344366
0.101350,1763291276.320498,1763291269,0.000492,0.000185,0.000000,0.000000,0.000000,0.000000,0.000000,-0.344366
0.121352,1763291276.340497,1763291269,0.000496,0.000185,0.000000,0.000000,0.000000,0.000000,0.000000,0.344366
0.141350,1763291276.360499,1763291269,0.000496,0.000185,0.000000,-0.000943,0.000000,0.000000,0.000000,-0.344366
0.161357,1763291276.380507,1763291269,0.000496,0.000189,0.000000,0.000000,0.000000,0.000000,0.000000,-0.344366
0.181599,1763291276.400743,1763291269,0.000496,0.000189,0.000000,0.000000,0.000000,0.000000,0.000000,0.000000
0.201604,1763291276.420757,1763291269,0.000496,0.000189,0.000000,0.000000,0.000000,0.000000,0.000000,0.344366
0.221600,1763291276.440749,1763291269,0.000496,0.000189,0.000000,0.000000,0.000000,0.000000,0.000000,0.000000
0.241623,1763291276.460776,1763291269,0.000492,0.000193,-0.000946,0.000000,0.000000,0.000000,0.000000,0.344366
0.261628,1763291276.480782,1763291269,0.000496,0.000193,0.000915,0.000000,0.000000,0.000000,0.000000,0.000000
0.281600,1763291276.500736,1763291269,0.000496,0.000193,0.000000,0.000000,0.000000,0.000000,0.000000,0.000000
0.301599,1763291276.520736,1763291269,0.000496,0.000193,0.000000,0.000000,0.000000,0.000000,0.000000,-0.344366
0.321590,1763291276.540721,1763291269,0.000492,0.000193,-0.000265,0.000000,0.000000,0.000000,0.000000,0.000000
0.341592,1763291276.560725,1763291269,0.000496,0.000193,0.000000,0.000000,0.000000,0.000000,0.000000,0.344366
0.361618,1763291276.580762,1763291269,0.000496,0.000193,0.000000,0.000000,0.000000,0.000000,0.000000,0.000000
0.381648,1763291276.600805,1763291269,0.000496,0.000193,0.000000,0.000000,0.000000,0.000000,0.000000,-0.344366
0.401670,1763291276.620839,1763291269,0.000496,0.000193,0.000000,0.000000,0.000000,0.000000,0.000000,0.000000
0.421685,1763291276.640863,1763291269,0.000496,0.000193,0.000000,0.000000,0.000000,0.000000,0.000000,0.344366
0.441659,1763291276.660817,1763291269,0.000496,0.000193,0.000000,0.000000,0.000000,0.000000,0.000000,0.000000
0.461646,1763291276.680816,1763291269,0.000496,0.000193,0.000000,0.000000,0.000000,0.000000,0.000000,0.000000
0.481680,1763291276.700844,1763291269,0.000496,0.000193,0.000000,0.000000,0.000000,0.000000,0.000000,0.000000
0.501666,1763291276.720822,1763291269,0.000496,0.000193,0.000000,-0.000000,0.000000,0.000000,0.000000,-0.344366
0.521698,1763291276.740861,1763291269,0.000496,0.000193,-0.000006,0.000000,0.000000,0.000000,0.000000,-1.033098
0.541704,1763291276.760867,1763291269,0.000496,0.000193,0.000000,0.000000,0.000000,0.000000,0.000000,0.000000
0.561721,1763291276.780896,1763291269,0.000496,0.000193,0.000000,-0.000945,0.000000,0.000000,0.000000,-0.344366
0.581679,1763291276.800847,1763291269,0.000500,0.000193,0.000907,-0.000946,0.000000,0.000000,0.000000,0.344366
0.601684,1763291276.820839,1763291269,0.000496,0.000193,-0.000946,-0.000806,0.000000,0.000000,0.000000,-0.344366
0.621684,1763291276.840835,1763291269,0.000496,0.000197,0.000000,0.000906,0.000000,0.000000,0.000000,0.000000
0.641687,1763291276.860837,1763291269,0.000496,0.000197,0.000000,0.000000,0.000000,0.000000,0.000000,0.344366
0.661696,1763291276.880861,1763291269,0.000500,0.000197,0.000003,0.000000,0.000000,0.000000,0.000000,-0.344366
0.681726,1763291276.900890,1763291269,0.000496,0.000197,-0.000946,0.000000,0.000000,0.000000,0.000000,-0.344366
0.701774,1763291276.920970,1763291269,0.000496,0.000197,0.000000,0.000000,0.000000,0.000000,0.000000,0.000000
0.721777,1763291276.940966,1763291269,0.000500,0.000197,0.000915,0.000000,0.000000,0.000000,0.000000,-0.344366
0.741778,1763291276.960958,1763291269,0.000500,0.000197,0.000000,0.000000,0.000000,0.000000,0.000000,0.344366
0.761767,1763291276.980938,1763291269,0.000500,0.000197,0.000000,0.000000,0.000000,0.000000,0.000000,0.000000
0.781763,1763291277.000926,1763291269,0.000496,0.000197,0.000000,0.000000,0.000000,0.000000,0.000000,-0.344366
0.801772,1763291277.020937,1763291269,0.000496,0.000197,0.000000,0.000000,0.000000,0.000000,0.000000,-0.344366
0.821782,1763291277.040948,1763291269,0.000500,0.000197,0.000944,0.000000,0.000000,0.000000,0.000000,-0.344366
0.841756,1763291277.060904,1763291269,0.000500,0.000197,0.000000,0.000000,0.000000,0.000000,0.000000,0.344366
0.861777,1763291277.080934,1763291269,0.000496,0.000197,0.000001,0.000000,0.000000,0.000000,0.000000,-0.344366
0.881775,1763291277.100931,1763291269,0.000500,0.000197,0.000003,0.000000,0.000000,0.000000,0.000000,0.344366
0.901778,1763291277.120933,1763291269,0.000500,0.000197,0.000000,0.000000,0.000000,0.000000,0.000000,-0.344366
0.921751,1763291277.140895,1763291269,0.000496,0.000197,-0.000946,0.000000,0.000000,0.000000,0.000000,-0.344366
0.941752,1763291277.160894,1763291269,0.000500,0.000197,0.000946,0.000000,0.000000,0.000000,0.000000,-0.344366
0.961757,1763291277.180900,1763291269,0.000500,0.000197,0.000000,0.000000,0.000000,0.000000,0.000000,0.344366
0.981762,1763291277.200904,1763291269,0.000500,0.000197,0.000000,0.000000,0.000000,0.000000,0.000000,-0.344366
1.001789,1763291277.220948,1763291269,0.000500,0.000197,0.000000,0.000000,0.000000,0.000000,0.000000,0.000000
1.021802,1763291277.240960,1763291269,0.000500,0.000197,0.000000,0.000000,0.000000,0.000000,0.000000,0.000000
1.041863,1763291277.261059,1763291269,0.000500,0.000197,0.000000,0.000000,0.000000,0.000000,0.000000,0.344366
1.061782,1763291277.280921,1763291269,0.000500,0.000197,0.000000,0.000000,0.000000,0.000000,0.000000,0.000000
1.081793,1763291277.300939,1763291269,0.000500,0.000197,0.000000,0.000000,0.000000,0.000000,0.000000,0.000000
1.101770,1763291277.320905,1763291269,0.000500,0.000197,0.000000,0.000000,0.000000,0.000000,0.000000,-0.344366
1.121773,1763291277.340909,1763291269,0.000500,0.000197,0.000000,0.000000,0.000000,0.000000,0.000000,-0.344366
1.141809,1763291277.360960,1763291269,0.000500,0.000197,0.000000,0.000000,0.000000,0.000000,0.000000,0.000000
1.161842,1763291277.381011,1763291269,0.000500,0.000197,0.000003,0.000000,0.000000,0.000000,0.000000,-0.344366
1.181826,1763291277.400985,1763291269,0.000500,0.000197,0.000001,0.000000,0.000000,0.000000,0.000000,0.000000
1.201821,1763291277.420975,1763291269,0.000500,0.000197,0.000000,0.000000,0.000000,0.000000,0.000000,0.000000
1.221838,1763291277.441002,1763291269,0.000500,0.000197,-0.000682,0.000000,0.000000,0.000000,0.000000,-0.344366
1.241823,1763291277.460971,1763291269,0.000500,0.000197,0.000929,0.000000,0.000000,0.000000,0.000000,0.000000
1.261804,1763291277.480945,1763291269,0.000500,0.000197,0.000000,0.000000,0.000000,0.000000,0.000000,-0.344366
1.281846,1763291277.501004,1763291269,0.000500,0.000197,0.000000,0.000000,0.000000,0.000000,0.000000,0.344366
1.301834,1763291277.520982,1763291269,0.000500,0.000197,0.000000,-0.000940,0.000000,0.000000,0.000000,-0.344366
1.321811,1763291277.540947,1763291269,0.000500,0.000197,0.000000,0.000000,0.000000,0.000000,0.000000,0.000000
1.341878,1763291277.561068,1763291269,0.000500,0.000197,0.000000,0.000000,0.000000,0.000000,0.000000,0.344366
1.361867,1763291277.581027,1763291269,0.000500,0.000197,0.000000,0.000000,0.000000,0.000000,0.000000,-0.344366
1.381857,1763291277.601007,1763291269,0.000500,0.000197,0.000074,0.000000,0.000000,0.000000,0.000000,-0.344366
1.401845,1763291277.620991,1763291269,0.000500,0.000201,0.000000,0.000011,0.000000,0.000000,0.000000,0.344366
1.421864,1763291277.641020,1763291269,0.000500,0.000201,0.000000,0.000500,0.000000,0.000000,0.000000,0.344366
1.441858,1763291277.661008,1763291269,0.000500,0.000201,0.000000,0.000000,0.000000,0.000000,0.000000,-0.344366
1.461880,1763291277.681040,1763291269,0.000500,0.000201,0.000000,0.000074,0.000000,0.000000,0.000000,0.344366
1.481863,1763291277.701017,1763291269,0.000500,0.000201,0.000000,0.000940,0.000000,0.000000,0.000000,0.344366
1.501838,1763291277.720973,1763291269,0.000500,0.000201,0.000000,0.000000,0.000000,0.000000,0.000000,0.344366
1.522077,1763291277.741352,1763291269,0.000500,0.000201,0.000000,0.000000,0.000000,0.000000,0.000000,0.000000
1.541898,1763291277.761052,1763291269,0.000500,0.000201,0.000000,0.000000,0.000000,0.000000,0.000000,0.344366
1.561851,1763291277.780989,1763291269,0.000500,0.000201,0.000000,0.000000,0.000000,0.000000,0.000000,0.000000
1.581854,1763291277.800993,1763291269,0.000500,0.000201,0.000000,-0.000440,0.000000,0.000000,0.000000,-0.344366
1.601909,1763291277.821066,1763291269,0.000500,0.000201,0.000000,0.000000,0.000000,0.000000,0.000000,-0.344366
1.621910,1763291277.841061,1763291269,0.000500,0.000201,0.000000,0.000000,0.000000,0.000000,0.000000,0.344366
1.641889,1763291277.861034,1763291269,0.000500,0.000201,0.000000,0.000000,0.000000,0.000000,0.000000,0.344366
1.661924,1763291277.881082,1763291269,0.000500,0.000201,0.000000,0.000000,0.000000,0.000000,0.000000,0.344366
1.681895,1763291277.901039,1763291269,0.000500,0.000201,0.000000,0.000000,0.000000,0.000000,0.000000,-0.344366
1.701938,1763291277.921098,1763291269,0.000500,0.000201,0.000000,0.000000,0.000000,0.000000,0.000000,0.344366
1.721945,1763291277.941108,1763291269,0.000500,0.000201,0.000000,0.000000,0.000000,0.000000,0.000000,0.344366
1.741962,1763291277.961130,1763291269,0.000500,0.000201,0.000000,0.000000,0.000000,0.000000,0.000000,0.000000
1.761963,1763291277.981134,1763291269,0.000500,0.000201,0.000000,0.000000,0.000000,0.000000,0.000000,-0.344366
1.781932,1763291278.001086,1763291269,0.000500,0.000201,0.000000,0.000000,0.000000,0.000000,0.000000,0.000000
1.801919,1763291278.021061,1763291269,0.000500,0.000201,0.000000,0.000000,0.000000,0.000000,0.000000,-0.344366
1.821920,1763291278.041061,1763291269,0.000500,0.000201,0.000000,0.000000,0.000000,0.000000,0.000000,0.344366
1.841963,1763291278.061121,1763291269,0.000500,0.000201,0.000000,0.000000,0.000000,0.000000,0.000000,0.344366
1.861938,1763291278.081084,1763291269,0.000500,0.000201,0.000000,0.000000,0.000000,0.000000,0.000000,-0.344366
1.881982,1763291278.101146,1763291269,0.000500,0.000201,0.000000,0.000000,0.000000,0.000000,0.000000,-0.344366
1.901946,1763291278.121093,1763291269,0.000500,0.000201,0.000000,0.000000,0.000000,0.000000,0.000000,0.000000
1.922005,1763291278.141179,1763291269,0.000500,0.000201,0.000000,0.000000,0.000000,0.000000,0.000000,0.000000
1.941999,1763291278.161162,1763291269,0.000500,0.000201,0.000000,0.000000,0.000000,0.000000,0.000000,-0.344366
1.962024,1763291278.181206,1763291269,0.000500,0.000201,0.000000,0.000000,0.000000,0.000000,0.000000,0.344366
1.982032,1763291278.201197,1763291269,0.000500,0.000201,0.000000,0.000000,0.000000,0.000000,0.000000,-0.344366
2.001990,1763291278.221132,1763291269,0.000500,0.000201,0.000000,0.000000,0.000000,0.000000,0.000000,0.000000
2.022023,1763291278.241186,1763291269,0.000500,0.000201,0.000000,0.000000,0.000000,0.000000,0.000000,0.344366
2.042018,1763291278.261164,1763291269,0.000500,0.000201,0.000000,0.000000,0.000000,0.000000,0.000000,0.000000
2.062005,1763291278.281144,1763291269,0.000500,0.000201,0.000000,0.000000,0.000000,0.000000,0.000000,-0.344366
2.082026,1763291278.301175,1763291269,0.000500,0.000201,0.000000,0.000000,0.000000,0.000000,-0.688732,0.344366
2.102032,1763291278.321183,1763291269,0.000500,0.000201,0.000000,0.000000,0.000000,0.000000,0.000000,0.000000
2.122071,1763291278.341248,1763291269,0.000500,0.000201,0.000000,0.000000,0.000000,0.000000,0.000000,0.000000
2.142070,1763291278.361232,1763291269,0.000500,0.000201,0.000000,0.000000,0.000000,0.000000,0.000000,0.000000
2.162090,1763291278.381260,1763291269,0.000500,0.000201,0.000000,0.000000,0.000000,0.000000,0.000000,0.000000
2.182097,1763291278.401271,1763291269,0.000500,0.000201,0.000000,0.000000,0.000000,0.000000,0.000000,-0.344366
2.202097,1763291278.421268,1763291269,0.000500,0.000201,0.000000,0.000000,0.000000,0.000000,0.000000,-0.344366
2.222120,1763291278.441302,1763291269,0.000500,0.000201,0.000000,0.000000,0.000000,0.000000,0.000000,-0.344366
2.242116,1763291278.461289,1763291269,0.000500,0.000201,0.000000,0.000000,0.000000,0.000000,0.000000,0.000000
2.262123,1763291278.481299,1763291269,0.000500,0.000201,0.000000,0.000000,0.000000,0.000000,-0.688732,0.344366
2.282130,1763291278.501304,1763291269,0.000500,0.000201,0.000000,0.000000,0.000000,0.000000,0.000000,-0.344366
2.302095,1763291278.521258,1763291269,0.000500,0.000201,0.000000,0.000000,0.000000,0.000000,0.000000,0.000000
2.322154,1763291278.541335,1763291269,0.000500,0.000201,0.000000,0.000000,0.000000,0.000000,0.000000,-0.344366
2.342109,1763291278.561272,1763291269,0.000500,0.000201,0.000000,0.000000,0.000000,0.000000,0.000000,-0.344366
2.362159,1763291278.581335,1763291269,0.000500,0.000201,0.000000,0.000000,0.000000,0.000000,0.000000,0.000000
2.382192,1763291278.601394,1763291269,0.000500,0.000201,0.000000,0.000000,0.000000,0.000000,0.000000,0.344366
2.402124,1763291278.621280,1763291269,0.000500,0.000201,0.000000,0.000000,0.000000,0.000000,0.000000,0.344366
2.422181,1763291278.641360,1763291269,0.000500,0.000201,0.000000,0.000000,0.000000,0.000000,0.000000,0.344366
2.442141,1763291278.661299,1763291269,0.000500,0.000201,0.000000,0.000000,0.000000,0.000000,0.000000,-0.344366
2.462190,1763291278.681366,1763291269,0.000500,0.000201,0.000000,0.000000,0.000000,0.000000,0.000000,0.000000
2.482228,1763291278.701416,1763291269,0.000500,0.000201,0.000000,0.000000,0.000000,0.000000,0.000000,0.344366
2.502158,1763291278.721319,1763291269,0.000500,0.000201,0.000000,0.000000,0.000000,0.000000,0.000000,-0.344366
2.522160,1763291278.741318,1763291269,0.000500,0.000201,0.000000,0.000000,0.000000,0.000000,0.000000,-1.033098
2.542163,1763291278.761318,1763291269,0.000500,0.000201,0.000000,0.000000,0.000000,0.000000,0.000000,0.000000
2.562166,1763291278.781317,1763291269,0.000500,0.000201,0.000000,0.000000,0.000000,0.000000,0.000000,0.344366
2.582167,1763291278.801316,1763291269,0.000500,0.000201,0.000000,0.000000,0.000000,0.000000,0.000000,-0.344366
2.602211,1763291278.821374,1763291269,0.000500,0.000201,0.000000,0.000000,0.000000,0.000000,0.000000,0.688732
2.622204,1763291278.841356,1763291269,0.000500,0.000201,0.000000,0.000000,0.000000,0.000000,0.000000,0.344366
2.642280,1763291278.861491,1763291269,0.000500,0.000201,0.000000,0.000000,0.000000,0.000000,0.000000,-0.344366
2.662213,1763291278.881368,1763291269,0.000500,0.000201,0.000000,0.000000,0.000000,0.000000,0.000000,0.000000
2.682354,1763291278.901597,1763291269,0.000500,0.000201,0.000000,0.000000,0.000000,0.000000,0.000000,0.000000
2.702205,1763291278.921340,1763291269,0.000500,0.000201,0.000000,0.000000,0.000000,0.000000,0.000000,0.344366
2.722219,1763291278.941363,1763291269,0.000500,0.000201,0.000000,0.000000,0.000000,0.000000,0.000000,0.344366
2.742275,1763291278.961456,1763291269,0.000500,0.000201,0.000000,0.000000,0.000000,0.000000,0.000000,0.000000
2.762235,1763291278.981385,1763291269,0.000500,0.000201,0.000000,0.000000,0.000000,0.000000,0.000000,0.000000
2.782280,1763291279.001454,1763291269,0.000500,0.000201,0.000000,0.000000,0.000000,0.000000,0.000000,0.000000
2.802295,1763291279.021485,1763291269,0.000500,0.000201,0.000000,0.000000,0.000000,0.000000,0.000000,-0.344366
2.822287,1763291279.041460,1763291269,0.000500,0.000201,0.000000,0.000000,0.000000,0.000000,0.000000,0.000000
2.842252,1763291279.061394,1763291269,0.000500,0.000201,0.000000,0.000000,0.000000,0.000000,0.000000,-0.344366
2.862300,1763291279.081482,1763291269,0.000500,0.000201,0.000000,0.000000,0.000000,0.000000,0.000000,0.344366
2.882336,1763291279.101507,1763291269,0.000500,0.000201,0.000000,0.000000,0.000000,0.000000,0.000000,0.344366
2.902301,1763291279.121470,1763291269,0.000500,0.000201,0.000000,0.000000,0.000000,0.000000,0.000000,-0.344366
2.922283,1763291279.141428,1763291269,0.000500,0.000201,0.000000,0.000000,0.000000,0.000000,0.000000,0.000000
2.942285,1763291279.161427,1763291269,0.000500,0.000201,0.000000,0.000000,0.000000,0.000000,0.000000,-0.344366
2.962298,1763291279.181459,1763291269,0.000500,0.000201,0.000000,0.000000,0.000000,0.000000,0.000000,0.000000
2.982300,1763291279.201457,1763291269,0.000500,0.000201,0.000000,0.000000,0.000000,0.000000,0.000000,-0.344366
3.002347,1763291279.221511,1763291269,0.000500,0.000201,0.000000,0.000000,0.000000,0.000000,0.000000,0.000000
3.022345,1763291279.241496,1763291269,0.000500,0.000201,0.000000,0.000000,0.000000,0.000000,0.000000,0.344366
3.042399,1763291279.261596,1763291269,0.000500,0.000201,0.000000,0.000000,0.000000,0.000000,0.000000,0.344366
3.062318,1763291279.281458,1763291269,0.000500,0.000201,0.000000,0.000000,0.000000,0.000000,0.000000,-0.344366
3.082364,1763291279.301515,1763291269,0.000500,0.000201,0.000000,0.000000,0.000000,0.000000,0.000000,0.000000
3.102391,1763291279.321554,1763291269,0.000500,0.000201,0.000000,0.000000,0.000000,0.000000,0.000000,-0.344366
3.122408,1763291279.341576,1763291269,0.000500,0.000201,0.000000,0.000000,0.000000,0.000000,0.000000,-0.344366
3.142444,1763291279.361616,1763291269,0.000500,0.000201,0.000000,0.000000,0.000000,0.000000,0.000000,0.344366
3.162425,1763291279.381599,1763291269,0.000500,0.000201,0.000000,0.000000,0.000000,0.000000,0.000000,0.000000
3.182601,1763291279.401781,1763291269,0.000500,0.000201,0.000000,0.000000,0.000000,0.000000,0.000000,-0.344366
3.202563,1763291279.421725,1763291269,0.000500,0.000201,0.000000,0.000000,0.000000,0.000000,0.000000,0.000000
3.222563,1763291279.441723,1763291269,0.000500,0.000201,0.000000,0.000000,0.000000,0.000000,0.000000,-0.344366
3.242575,1763291279.461738,1763291269,0.000500,0.000201,0.000000,0.000000,0.000000,0.000000,0.000000,0.000000
3.262601,1763291279.481784,1763291269,0.000500,0.000201,0.000000,0.000000,0.000000,0.000000,0.000000,-0.344366
3.282586,1763291279.501745,1763291269,0.000500,0.000201,0.000000,0.000000,0.000000,0.000000,0.000000,0.000000
3.302615,1763291279.521791,1763291269,0.000500,0.000201,0.000000,0.000000,0.000000,0.000000,0.000000,0.000000
3.322605,1763291279.541772,1763291269,0.000500,0.000201,0.000000,0.000000,0.000000,0.000000,0.000000,0.344366
3.342618,1763291279.561787,1763291269,0.000500,0.000201,0.000000,0.000000,0.000000,0.000000,0.000000,0.000000
3.362637,1763291279.581811,1763291269,0.000500,0.000201,0.000000,0.000000,0.000000,0.000000,0.000000,0.000000
3.382650,1763291279.601830,1763291269,0.000500,0.000201,0.000000,0.000000,0.000000,0.000000,-0.688732,0.344366
3.402648,1763291279.621823,1763291269,0.000500,0.000201,0.000000,0.000000,0.000000,0.000000,0.000000,-0.344366
3.422668,1763291279.641850,1763291269,0.000500,0.000201,0.000000,0.000000,0.000000,0.000000,-0.688732,-0.344366
3.442626,1763291279.661778,1763291269,0.000500,0.000201,0.000000,0.000000,0.000000,0.000000,0.000000,0.000000
3.462674,1763291279.681844,1763291269,0.000500,0.000201,0.000000,0.000000,0.000000,0.000000,0.000000,-0.344366
3.482696,1763291279.701877,1763291269,0.000500,0.000201,0.000000,0.000000,0.000000,0.000000,0.000000,0.000000
3.502702,1763291279.721882,1763291269,0.000500,0.000201,0.000000,0.000000,0.000000,0.000000,0.000000,0.344366
3.522666,1763291279.741826,1763291269,0.000500,0.000201,0.000000,0.000000,0.000000,0.000000,0.000000,-0.344366
3.542712,1763291279.761886,1763291269,0.000500,0.000201,0.000000,0.000000,0.000000,0.000000,0.000000,0.000000
3.562660,1763291279.781808,1763291269,0.000500,0.000201,0.000000,0.000000,0.000000,0.000000,0.000000,0.000000
3.582674,1763291279.801829,1763291269,0.000500,0.000201,0.000000,0.000000,0.000000,0.000000,0.000000,-0.344366
3.602729,1763291279.821904,1763291269,0.000500,0.000201,0.000000,0.000000,0.000000,0.000000,0.000000,-0.344366
3.622746,1763291279.841920,1763291269,0.000500,0.000201,0.000000,0.000000,0.000000,0.000000,0.000000,0.000000
3.642743,1763291279.861918,1763291269,0.000500,0.000201,0.000000,0.000000,0.000000,0.000000,0.000000,-0.344366
3.662788,1763291279.881994,1763291269,0.000500,0.000201,0.000000,0.000000,0.000000,0.000000,0.000000,0.000000
3.682768,1763291279.901957,1763291269,0.000500,0.000201,0.000000,0.000000,0.000000,0.000000,0.000000,0.344366
3.702775,1763291279.921955,1763291269,0.000500,0.000201,0.000000,0.000000,0.000000,0.000000,0.000000,0.000000
3.722796,1763291279.941984,1763291269,0.000500,0.000201,0.000000,0.000000,0.000000,0.000000,0.000000,0.344366
3.742780,1763291279.961954,1763291269,0.000500,0.000201,0.000000,0.000000,0.000000,0.000000,0.000000,-0.344366
3.762766,1763291279.981928,1763291269,0.000500,0.000201,0.000000,0.000000,0.000000,0.000000,0.000000,-0.344366
3.782784,1763291280.001950,1763291269,0.000500,0.000201,0.000000,0.000000,0.000000,0.000000,0.000000,0.000000
3.802821,1763291280.022019,1763291269,0.000500,0.000201,0.000000,0.000000,0.000000,0.000000,0.000000,-0.344366
3.822859,1763291280.042082,1763291269,0.000500,0.000201,0.000000,0.000000,0.000000,0.000000,0.000000,-0.344366
3.842833,1763291280.062020,1763291269,0.000500,0.000201,0.000000,0.000000,0.000000,0.000000,0.000000,-0.344366
3.862840,1763291280.082046,1763291269,0.000500,0.000201,0.000000,0.000000,0.000000,0.000000,0.000000,0.344366
3.882849,1763291280.102038,1763291269,0.000500,0.000201,0.000000,0.000000,0.000000,0.000000,0.000000,0.344366
3.902872,1763291280.122060,1763291269,0.000500,0.000201,0.000000,0.000000,0.000000,0.000000,0.000000,0.000000
3.922804,1763291280.141959,1763291269,0.000500,0.000201,0.000000,0.000000,0.000000,0.000000,0.000000,0.344366
3.942851,1763291280.162026,1763291269,0.000500,0.000201,0.000000,0.000000,0.000000,0.000000,0.000000,0.000000
3.962867,1763291280.182048,1763291269,0.000500,0.000201,0.000000,0.000000,0.000000,0.000000,0.000000,0.344366
3.982857,1763291280.202029,1763291269,0.000500,0.000201,0.000000,0.000000,0.000000,0.000000,0.000000,0.000000
4.002861,1763291280.222030,1763291269,0.000500,0.000201,0.000000,0.000000,0.000000,0.000000,0.000000,-0.344366
4.022854,1763291280.242012,1763291269,0.000500,0.000201,0.000000,0.000000,0.000000,0.000000,-0.688732,0.344366
4.042823,1763291280.261963,1763291269,0.000500,0.000201,0.000000,0.000000,0.000000,0.000000,0.000000,-0.344366
4.062847,1763291280.282008,1763291269,0.000500,0.000201,0.000000,0.000000,0.000000,0.000000,0.000000,0.000000
4.082825,1763291280.301963,1763291269,0.000500,0.000201,0.000000,0.000000,0.000000,0.000000,0.000000,0.000000
4.102855,1763291280.322007,1763291269,0.000500,0.000201,0.000000,0.000000,0.000000,0.000000,0.000000,-0.344366
4.122880,1763291280.342046,1763291269,0.000500,0.000201,0.000000,0.000000,0.000000,0.000000,0.000000,0.000000
4.142846,1763291280.361995,1763291269,0.000500,0.000201,0.000000,0.000000,0.000000,0.000000,0.000000,0.000000
4.162891,1763291280.382053,1763291269,0.000500,0.000201,0.000000,0.000000,0.000000,0.000000,0.000000,-0.344366
4.182887,1763291280.402056,1763291269,0.000500,0.000201,0.000000,0.000000,0.000000,0.000000,0.000000,-0.344366
4.202936,1763291280.422124,1763291269,0.000500,0.000201,0.000000,0.000000,0.000000,0.000000,0.000000,0.000000
4.222879,1763291280.442041,1763291269,0.000500,0.000201,0.000000,0.000000,0.000000,0.000000,0.000000,0.344366
4.242889,1763291280.462052,1763291269,0.000500,0.000201,0.000000,0.000000,0.000000,0.000000,0.000000,-0.344366
4.262899,1763291280.482060,1763291269,0.000500,0.000201,0.000000,0.000000,0.000000,0.000000,0.000000,0.000000
4.282895,1763291280.502052,1763291269,0.000500,0.000201,0.000000,0.000000,0.000000,0.000000,0.000000,-0.344366
4.302957,1763291280.522153,1763291269,0.000500,0.000201,0.000000,0.000000,0.000000,0.000000,0.000000,0.000000
4.323045,1763291280.542279,1763291269,0.000500,0.000201,0.000000,0.000000,0.000000,0.000000,0.000000,0.344366
4.343102,1763291280.562296,1763291269,0.000500,0.000201,0.000000,0.000000,0.000000,0.000000,0.000000,-0.344366
4.363078,1763291280.582252,1763291269,0.000500,0.000201,0.000000,0.000000,0.000000,0.000000,0.000000,0.000000
4.383101,1763291280.602283,1763291269,0.000500,0.000201,0.000000,0.000000,0.000000,0.000000,0.000000,0.000000
4.403105,1763291280.622283,1763291269,0.000500,0.000201,0.000000,0.000000,0.000000,0.000000,0.000000,-0.344366
4.423138,1763291280.642329,1763291269,0.000500,0.000201,0.000000,0.000000,0.000000,0.000000,0.000000,-0.344366
4.443134,1763291280.662320,1763291269,0.000500,0.000201,0.000000,0.000000,0.000000,0.000000,-0.688732,0.000000
4.463064,1763291280.682218,1763291269,0.000500,0.000201,0.000000,0.000000,0.000000,0.000000,0.000000,0.000000
4.483076,1763291280.702233,1763291269,0.000500,0.000201,0.000000,0.000000,0.000000,0.000000,0.000000,0.344366
4.503209,1763291280.722459,1763291269,0.000500,0.000201,0.000000,0.000000,0.000000,0.000000,0.000000,-0.344366
4.523185,1763291280.742397,1763291269,0.000500,0.000201,0.000000,0.000000,0.000000,0.000000,0.000000,0.344366
4.543248,1763291280.762429,1763291269,0.000500,0.000201,0.000000,0.000000,0.000000,0.000000,0.000000,0.344366
4.563197,1763291280.782354,1763291269,0.000500,0.000201,0.000000,0.000000,0.000000,0.000000,0.000000,0.344366
4.583202,1763291280.802360,1763291269,0.000500,0.000201,0.000000,0.000000,0.000000,0.000000,0.000000,0.344366
4.603264,1763291280.822505,1763291269,0.000500,0.000201,0.000000,0.000000,0.000000,0.000000,0.000000,-0.344366
4.623281,1763291280.842477,1763291269,0.000500,0.000201,0.000000,0.000000,0.000000,0.000000,0.000000,0.344366
4.643274,1763291280.862480,1763291269,0.000500,0.000201,0.000000,0.000000,0.000000,0.000000,0.000000,0.000000
4.663280,1763291280.882476,1763291269,0.000500,0.000201,0.000000,0.000000,0.000000,0.000000,0.000000,0.000000
4.683278,1763291280.902464,1763291269,0.000500,0.000201,0.000000,0.000000,0.000000,0.000000,0.000000,-0.344366
4.703260,1763291280.922425,1763291269,0.000500,0.000201,0.000000,0.000000,0.000000,0.000000,0.000000,0.000000
4.723253,1763291280.942408,1763291269,0.000500,0.000201,0.000000,0.000000,0.000000,0.000000,0.000000,0.000000
4.743332,1763291280.962508,1763291269,0.000500,0.000201,0.000000,0.000000,0.000000,0.000000,0.000000,0.000000
4.763354,1763291280.982533,1763291269,0.000500,0.000201,0.000000,0.000000,0.000000,0.000000,0.000000,0.000000
4.783372,1763291281.002559,1763291269,0.000500,0.000201,0.000000,0.000000,0.000000,0.000000,0.000000,0.344366
4.803363,1763291281.022541,1763291269,0.000500,0.000201,0.000000,0.000000,0.000000,0.000000,0.000000,-0.344366
4.823364,1763291281.042537,1763291269,0.000500,0.000201,0.000000,0.000000,0.000000,0.000000,0.000000,-0.344366
4.843283,1763291281.062430,1763291269,0.000500,0.000201,0.000000,0.000000,0.000000,0.000000,0.000000,0.344366
4.863367,1763291281.082537,1763291269,0.000500,0.000201,0.000000,0.000000,0.000000,0.000000,0.000000,0.000000
4.883357,1763291281.102540,1763291269,0.000500,0.000201,0.000000,0.000000,0.000000,0.000000,0.000000,0.000000
4.903398,1763291281.122579,1763291269,0.000500,0.000201,0.000000,0.000000,0.000000,0.000000,0.000000,0.000000
4.923312,1763291281.142459,1763291269,0.000500,0.000201,0.000000,0.000000,0.000000,0.000000,0.000000,-0.344366
4.943330,1763291281.162485,1763291269,0.000500,0.000201,0.000000,0.000000,0.000000,0.000000,0.000000,-0.344366
4.963390,1763291281.182563,1763291269,0.000500,0.000201,0.000000,0.000000,0.000000,0.000000,0.000000,0.000000
4.983393,1763291281.202560,1763291269,0.000500,0.000201,0.000000,0.000000,0.000000,0.000000,0.000000,0.344366
5.003376,1763291281.222524,1763291269,0.000500,0.000201,0.000000,0.000000,0.000000,0.000000,0.000000,-0.344366
5.023416,1763291281.242573,1763291269,0.000500,0.000201,0.000000,0.000000,0.000000,0.000000,0.000000,0.000000
5.043568,1763291281.262794,1763291269,0.000500,0.000201,0.000000,0.000000,0.000000,0.000000,0.000000,0.000000
5.063447,1763291281.282591,1763291269,0.000500,0.000201,0.000000,0.000000,0.000000,0.000000,0.000000,0.344366
5.083435,1763291281.302572,1763291269,0.000500,0.000201,0.000000,0.000000,0.000000,0.000000,0.000000,-0.344366
5.103426,1763291281.322572,1763291269,0.000500,0.000201,0.000000,0.000000,0.000000,0.000000,0.000000,0.344366
5.123586,1763291281.342742,1763291269,0.000500,0.000201,0.000000,0.000000,0.000000,0.000000,0.000000,0.000000
5.143454,1763291281.362609,1763291269,0.000500,0.000201,0.000000,0.000000,0.000000,0.000000,0.000000,-0.344366
5.163528,1763291281.382708,1763291269,0.000500,0.000201,0.000000,0.000000,0.000000,0.000000,0.000000,0.000000
5.183499,1763291281.402660,1763291269,0.000500,0.000201,0.000000,0.000000,0.000000,0.000000,0.000000,0.344366
5.203499,1763291281.422658,1763291269,0.000500,0.000201,0.000000,0.000000,0.000000,0.000000,0.000000,0.344366
5.223522,1763291281.442691,1763291269,0.000500,0.000201,0.000000,0.000000,0.000000,0.000000,0.000000,-0.344366
5.243478,1763291281.462628,1763291269,0.000500,0.000201,0.000000,0.000000,0.000000,0.000000,0.000000,-0.344366
5.263518,1763291281.482675,1763291269,0.000500,0.000201,0.000000,0.000000,0.000000,0.000000,0.000000,0.000000
5.283492,1763291281.502635,1763291269,0.000500,0.000201,0.000000,0.000000,0.000000,0.000000,0.000000,0.344366
0.040979,1763291341.430211,1763291269,0.450978,0.001722,0.000806,0.000000,0.000000,0.000000,0.344366,-0.344366
0.060925,1763291341.450125,1763291269,0.450981,0.001722,0.000000,0.000000,0.000000,0.000000,0.344366,0.000000
0.080919,1763291341.470114,1763291269,0.450981,0.001726,0.000000,0.000000,0.000000,0.000000,0.000000,0.000000
0.100953,1763291341.490163,1763291269,0.450981,0.001722,0.000000,0.000000,0.000000,0.000000,0.344366,-0.344366
0.120940,1763291341.510140,1763291269,0.450981,0.001718,0.000000,0.000000,0.000000,0.000000,0.000000,-0.688732
0.140940,1763291341.530146,1763291269,0.450981,0.001718,0.000000,0.000000,0.000000,0.000000,0.000000,0.000000
0.161003,1763291341.550230,1763291269,0.450981,0.001722,0.000000,0.000000,0.000000,0.000000,0.344366,0.000000
0.180950,1763291341.570154,1763291269,0.450981,0.001726,0.000000,0.000000,0.000000,0.000000,0.000000,-0.688732
0.201011,1763291341.590239,1763291269,0.450981,0.001722,0.000000,0.000000,0.000000,0.000000,0.000000,-0.344366
0.220972,1763291341.610184,1763291269,0.450981,0.001718,0.000000,-0.000021,0.000000,0.000000,0.344366,0.000000
0.241033,1763291341.630274,1763291269,0.450981,0.001718,0.000000,0.000000,0.000000,0.000000,0.344366,0.000000
0.260989,1763291341.650207,1763291269,0.450981,0.001722,0.000000,0.000000,0.000000,0.000000,0.344366,0.000000
0.281035,1763291341.670265,1763291269,0.450981,0.001726,0.000000,-0.000806,0.000000,0.000000,0.344366,-0.688732
0.301046,1763291341.690274,1763291269,0.450981,0.001722,0.000000,0.000000,0.000000,0.000000,-0.344366,0.000000
0.321001,1763291341.710212,1763291269,0.450981,0.001722,0.000000,0.000000,0.000000,0.000000,0.000000,0.000000
0.341056,1763291341.730284,1763291269,0.450981,0.001722,0.000000,0.000000,0.000000,0.000000,0.000000,0.000000
0.361071,1763291341.750304,1763291269,0.450981,0.001722,0.000000,0.000000,0.000000,0.000000,0.000000,0.000000
0.381067,1763291341.770297,1763291269,0.450981,0.001726,0.000000,0.000000,0.000000,0.000000,0.000000,-0.688732
0.401068,1763291341.790294,1763291269,0.450981,0.001722,0.000000,-0.000003,0.000000,0.000000,0.000000,0.000000
0.421066,1763291341.810286,1763291269,0.450981,0.001722,0.000000,0.000000,0.000000,0.000000,0.000000,0.000000
0.441090,1763291341.830323,1763291269,0.450981,0.001722,0.000000,0.000000,0.000000,0.000000,0.000000,0.000000
0.461116,1763291341.850355,1763291269,0.450981,0.001722,0.000000,0.000000,0.000000,0.000000,0.000000,0.000000
0.481111,1763291341.870351,1763291269,0.450981,0.001722,0.000000,0.000000,0.000000,0.000000,0.000000,0.000000
0.501061,1763291341.890270,1763291269,0.450981,0.001726,0.000000,0.000500,0.000000,0.000000,0.000000,0.000000
0.521145,1763291341.910394,1763291269,0.450981,0.001722,0.000000,0.000000,0.000000,0.000000,0.000000,0.000000
0.541169,1763291341.930412,1763291269,0.450981,0.001722,0.000000,0.000000,0.000000,0.000000,0.000000,0.000000
0.561104,1763291341.950321,1763291269,0.450981,0.001722,0.000000,0.000000,0.000000,0.000000,0.344366,0.000000
0.581129,1763291341.970359,1763291269,0.450981,0.001726,0.000000,0.000946,0.000000,0.000000,0.344366,0.000000
0.601247,1763291341.990529,1763291269,0.450981,0.001722,0.000000,-0.000002,0.000000,0.000000,0.000000,0.000000
0.621257,1763291342.010469,1763291269,0.450981,0.001722,0.000000,0.000000,0.000000,0.000000,0.000000,0.000000
0.641268,1763291342.030474,1763291269,0.450981,0.001722,0.000000,0.000000,0.000000,0.000000,0.000000,0.000000
0.661313,1763291342.050537,1763291269,0.450981,0.001722,0.000000,0.000000,0.000000,0.000000,0.344366,0.000000
0.681274,1763291342.070484,1763291269,0.450981,0.001722,0.000000,0.000000,0.000000,0.000000,0.000000,0.000000
0.701318,1763291342.090540,1763291269,0.450981,0.001722,0.000000,-0.000946,0.000000,0.000000,0.000000,0.000000
0.721355,1763291342.110575,1763291269,0.450981,0.001722,0.000000,0.000000,0.000000,0.000000,0.344366,0.000000
0.741409,1763291342.130649,1763291269,0.450981,0.001722,0.000000,0.000000,0.000000,0.000000,0.344366,0.000000
0.761362,1763291342.150573,1763291269,0.450981,0.001722,0.000000,0.000000,0.000000,0.000000,0.000000,0.000000
0.781441,1763291342.170709,1763291269,0.450981,0.001722,0.000000,0.000000,0.000000,0.000000,0.000000,0.000000
0.801386,1763291342.190597,1763291269,0.450981,0.001722,0.000000,0.000000,0.000000,0.000000,0.000000,0.000000
0.821370,1763291342.210577,1763291269,0.450981,0.001722,0.000000,0.000000,0.000000,0.000000,0.344366,0.000000
0.841373,1763291342.230581,1763291269,0.450981,0.001722,0.000000,0.000000,0.000000,0.000000,0.000000,0.000000
0.861418,1763291342.250639,1763291269,0.450981,0.001722,0.000000,0.000000,0.000000,0.000000,0.000000,0.000000
0.881388,1763291342.270601,1763291269,0.450981,0.001722,0.000000,0.000000,0.000000,0.000000,0.000000,0.000000
0.901397,1763291342.290613,1763291269,0.450981,0.001722,0.000000,0.000446,0.000000,0.000000,0.000000,0.000000
0.921397,1763291342.310611,1763291269,0.450981,0.001722,0.000000,0.000000,0.000000,0.000000,0.000000,0.000000
0.941448,1763291342.330678,1763291269,0.450981,0.001722,0.000000,0.000000,0.000000,0.000000,0.000000,0.000000
0.961475,1763291342.350714,1763291269,0.450981,0.001722,0.000000,0.000000,0.000000,0.000000,0.344366,0.000000
0.981461,1763291342.370691,1763291269,0.450981,0.001722,0.000000,0.000000,0.000000,0.000000,0.000000,0.000000
1.001460,1763291342.390687,1763291269,0.450981,0.001722,0.000000,0.000000,0.000000,0.000000,0.000000,0.000000
1.021473,1763291342.410703,1763291269,0.450981,0.001722,0.000000,0.000000,0.000000,0.000000,0.000000,0.000000
1.041477,1763291342.430681,1763291269,0.450981,0.001722,0.000000,0.000000,0.000000,0.000000,0.000000,0.000000
1.061433,1763291342.450633,1763291269,0.450981,0.001722,0.000000,0.000000,0.000000,0.000000,0.344366,0.000000
1.081447,1763291342.470656,1763291269,0.450981,0.001722,0.000000,0.000000,0.000000,0.000000,0.000000,0.000000
1.101478,1763291342.490701,1763291269,0.450981,0.001722,0.000000,0.000000,0.000000,0.000000,0.344366,0.000000
1.121499,1763291342.510734,1763291269,0.450981,0.001722,0.000000,0.000000,0.000000,0.000000,0.344366,0.000000
1.141531,1763291342.530780,1763291269,0.450981,0.001722,0.000000,0.000000,0.000000,0.000000,0.000000,0.000000
1.161472,1763291342.550690,1763291269,0.450981,0.001722,0.000000,0.000000,0.000000,0.000000,0.000000,0.000000
1.181465,1763291342.570674,1763291269,0.450981,0.001722,0.000000,0.000000,0.000000,0.000000,0.000000,0.000000
1.201495,1763291342.590706,1763291269,0.450981,0.001726,0.000000,0.000943,0.000000,0.000000,0.000000,0.000000
1.221524,1763291342.610741,1763291269,0.450981,0.001722,0.000000,0.000000,0.000000,0.000000,0.000000,0.000000
1.241548,1763291342.630778,1763291269,0.450981,0.001722,0.000000,0.000000,0.000000,0.000000,0.000000,0.000000
1.261554,1763291342.650784,1763291269,0.450981,0.001722,0.000000,0.000000,0.000000,0.000000,0.000000,0.000000
1.281519,1763291342.670724,1763291269,0.450981,0.001722,0.000000,0.000000,0.000000,0.000000,0.000000,0.000000
1.301525,1763291342.690732,1763291269,0.450981,0.001722,0.000000,0.000000,0.000000,0.000000,0.344366,0.000000
1.321531,1763291342.710739,1763291269,0.450981,0.001722,0.000000,0.000000,0.000000,0.000000,0.000000,0.000000
1.341539,1763291342.730750,1763291269,0.450981,0.001722,0.000000,0.000000,0.000000,0.000000,0.000000,0.000000
1.361555,1763291342.750773,1763291269,0.450981,0.001722,0.000000,0.000000,0.000000,0.000000,0.000000,0.000000
1.381560,1763291342.770779,1763291269,0.450981,0.001722,0.000000,0.000000,0.000000,0.000000,0.000000,0.000000
1.401570,1763291342.790792,1763291269,0.450981,0.001722,0.000000,0.000000,0.000000,0.000000,0.000000,0.000000
1.421581,1763291342.810808,1763291269,0.450981,0.001722,0.000000,0.000000,0.000000,0.000000,0.344366,0.000000
1.441607,1763291342.830842,1763291269,0.450981,0.001722,0.000000,0.000000,0.000000,0.000000,0.000000,0.000000
1.461594,1763291342.850821,1763291269,0.450981,0.001722,0.000000,0.000000,0.000000,0.000000,0.000000,0.000000
1.481556,1763291342.870764,1763291269,0.450981,0.001722,0.000000,0.000000,0.000000,0.000000,0.000000,0.000000
1.501606,1763291342.890833,1763291269,0.450981,0.001722,0.000000,0.000000,0.000000,0.000000,0.000000,0.000000
1.521583,1763291342.910805,1763291269,0.450981,0.001722,0.000000,0.000000,0.000000,0.000000,0.344366,0.000000
1.541626,1763291342.930856,1763291269,0.450981,0.001722,0.000000,0.000000,0.000000,0.000000,-0.344366,0.000000
1.561602,1763291342.950813,1763291269,0.450981,0.001722,0.000000,0.000000,0.000000,0.000000,0.344366,0.000000
1.581610,1763291342.970824,1763291269,0.450981,0.001722,0.000000,0.000000,0.000000,0.000000,0.344366,0.000000
1.601618,1763291342.990836,1763291269,0.450981,0.001722,0.000000,0.000000,0.000000,0.000000,0.000000,0.000000
1.621636,1763291343.010869,1763291269,0.450981,0.001722,0.000000,0.000000,0.000000,0.000000,0.344366,0.000000
1.641592,1763291343.030796,1763291269,0.450981,0.001722,0.000000,0.000000,0.000000,0.000000,0.000000,0.000000
1.661607,1763291343.050816,1763291269,0.450981,0.001722,0.000000,0.000000,0.000000,0.000000,0.000000,0.000000
1.681605,1763291343.070812,1763291269,0.450981,0.001722,0.000000,0.000000,0.000000,0.000000,0.344366,0.000000
1.701601,1763291343.090803,1763291269,0.450981,0.001722,0.000000,0.000000,0.000000,0.000000,0.000000,0.000000
1.721643,1763291343.110862,1763291269,0.450981,0.001722,0.000000,0.000000,0.000000,0.000000,0.000000,0.000000
1.741625,1763291343.130829,1763291269,0.450981,0.001722,0.000000,0.000000,0.000000,0.000000,-0.344366,0.000000
1.761622,1763291343.150823,1763291269,0.450981,0.001722,0.000000,0.000000,0.000000,0.000000,0.000000,0.000000
1.781628,1763291343.170830,1763291269,0.450981,0.001722,0.000000,0.000000,0.000000,0.000000,0.344366,0.000000
1.801687,1763291343.190913,1763291269,0.450981,0.001722,0.000000,0.000000,0.000000,0.000000,0.000000,0.000000
1.821638,1763291343.210853,1763291269,0.450981,0.001722,0.000000,0.000000,0.000000,0.000000,0.000000,0.000000
1.841685,1763291343.230907,1763291269,0.450981,0.001722,0.000000,0.000000,0.000000,0.000000,0.000000,0.000000
1.861683,1763291343.250907,1763291269,0.450981,0.001722,0.000000,0.000000,0.000000,0.000000,0.344366,0.000000
1.881643,1763291343.270846,1763291269,0.450981,0.001722,0.000000,0.000000,0.000000,0.000000,0.000000,0.000000
1.901672,1763291343.290879,1763291269,0.450981,0.001722,0.000000,0.000000,0.000000,0.000000,0.000000,0.000000
1.921712,1763291343.310945,1763291269,0.450981,0.001722,0.000000,0.000000,0.000000,0.000000,0.000000,0.000000
1.941671,1763291343.330882,1763291269,0.450981,0.001722,0.000000,0.000000,0.000000,0.000000,0.000000,0.000000
1.961675,1763291343.350882,1763291269,0.450981,0.001722,0.000000,0.000000,0.000000,0.000000,-0.344366,0.000000
1.981699,1763291343.370911,1763291269,0.450981,0.001722,0.000000,0.000000,0.000000,0.000000,0.000000,0.000000
2.001699,1763291343.390914,1763291269,0.450981,0.001722,0.000000,0.000000,0.000000,0.000000,0.000000,0.000000
2.021697,1763291343.410907,1763291269,0.450981,0.001722,0.000000,0.000000,0.000000,0.000000,0.000000,0.000000
2.041785,1763291343.430987,1763291269,0.450981,0.001722,0.000000,0.000000,0.000000,0.000000,0.000000,0.000000
2.061692,1763291343.450887,1763291269,0.450981,0.001722,0.000000,0.000000,0.000000,0.000000,0.000000,0.000000
2.081704,1763291343.470906,1763291269,0.450981,0.001722,0.000000,0.000000,0.000000,0.000000,0.000000,0.000000
2.101757,1763291343.490981,1763291269,0.450981,0.001722,0.000000,0.000000,0.000000,0.000000,0.000000,0.000000
2.121775,1763291343.511010,1763291269,0.450981,0.001722,0.000000,0.000000,0.000000,0.000000,0.000000,0.000000
2.141783,1763291343.531018,1763291269,0.450981,0.001722,0.000000,0.000000,0.000000,0.000000,0.000000,0.000000
2.161804,1763291343.551044,1763291269,0.450981,0.001722,0.000000,0.000000,0.000000,0.000000,0.000000,0.000000
2.181760,1763291343.570974,1763291269,0.450981,0.001722,0.000000,0.000000,0.000000,0.000000,0.000000,0.000000
2.201816,1763291343.591055,1763291269,0.450981,0.001722,0.000000,0.000000,0.000000,0.000000,-0.344366,0.000000
2.221824,1763291343.611063,1763291269,0.450981,0.001722,0.000000,0.000000,0.000000,0.000000,0.344366,0.000000
2.241857,1763291343.631109,1763291269,0.450981,0.001722,0.000000,0.000000,0.000000,0.000000,0.000000,0.000000
2.261851,1763291343.651091,1763291269,0.450981,0.001722,0.000000,0.000000,0.000000,0.000000,0.344366,0.000000
2.281864,1763291343.671112,1763291269,0.450981,0.001722,0.000000,0.000000,0.000000,0.000000,0.000000,0.000000
2.301811,1763291343.691029,1763291269,0.450981,0.001722,0.000000,0.000000,0.000000,0.000000,0.000000,0.000000
2.321789,1763291343.710999,1763291269,0.450981,0.001722,0.000000,0.000000,0.000000,0.000000,0.000000,0.000000
2.341788,1763291343.730994,1763291269,0.450981,0.001722,0.000000,0.000000,0.000000,0.000000,0.000000,0.000000
2.361806,1763291343.751026,1763291269,0.450981,0.001722,0.000000,0.000000,0.000000,0.000000,0.000000,0.000000
2.381799,1763291343.771005,1763291269,0.450981,0.001722,0.000000,0.000000,0.000000,0.000000,0.000000,0.000000
2.401804,1763291343.791011,1763291269,0.450981,0.001722,0.000000,0.000000,0.000000,0.000000,0.000000,0.000000
2.421829,1763291343.811047,1763291269,0.450981,0.001722,0.000000,0.000000,0.000000,0.000000,0.000000,0.000000
2.441899,1763291343.831146,1763291269,0.450981,0.001722,0.000000,0.000000,0.000000,0.000000,0.000000,0.000000
2.461876,1763291343.851111,1763291269,0.450981,0.001722,0.000000,0.000000,0.000000,0.000000,0.000000,0.000000
2.481894,1763291343.871142,1763291269,0.450981,0.001722,0.000000,0.000000,0.000000,0.000000,0.344366,0.000000
2.501847,1763291343.891065,1763291269,0.450981,0.001722,0.000000,0.000000,0.000000,0.000000,0.344366,0.000000
2.521902,1763291343.911137,1763291269,0.450981,0.001722,0.000000,0.000000,0.000000,0.000000,0.344366,0.000000
2.541900,1763291343.931129,1763291269,0.450981,0.001722,0.000000,0.000000,0.000000,0.000000,0.000000,0.000000
2.561906,1763291343.951135,1763291269,0.450981,0.001722,0.000000,0.000000,0.000000,0.000000,0.000000,0.000000
2.581883,1763291343.971108,1763291269,0.450981,0.001722,0.000000,0.000000,0.000000,0.000000,0.000000,0.000000
2.601905,1763291343.991130,1763291269,0.450981,0.001722,0.000000,0.000000,0.000000,0.000000,0.000000,0.000000
2.621924,1763291344.011153,1763291269,0.450981,0.001722,0.000000,0.000000,0.000000,0.000000,0.000000,0.000000
2.641884,1763291344.031098,1763291269,0.450981,0.001722,0.000000,0.000000,0.000000,0.000000,0.000000,0.000000
2.661890,1763291344.051105,1763291269,0.450981,0.001722,0.000000,0.000000,0.000000,0.000000,0.000000,0.000000
2.681888,1763291344.071097,1763291269,0.450981,0.001722,0.000000,0.000000,0.000000,0.000000,0.000000,0.000000
2.701976,1763291344.091224,1763291269,0.450981,0.001722,0.000000,0.000000,0.000000,0.000000,0.000000,0.000000
2.721906,1763291344.111118,1763291269,0.450981,0.001722,0.000000,0.000000,0.000000,0.000000,0.000000,0.000000
2.741924,1763291344.131145,1763291269,0.450981,0.001722,0.000000,0.000000,0.000000,0.000000,0.000000,0.000000
2.761914,1763291344.151123,1763291269,0.450981,0.001722,0.000000,0.000000,0.000000,0.000000,0.344366,0.000000
2.782047,1763291344.171329,1763291269,0.450981,0.001722,0.000000,0.000000,0.000000,0.000000,0.000000,0.000000
2.801925,1763291344.191136,1763291269,0.450981,0.001722,0.000000,0.000000,0.000000,0.000000,-0.344366,0.000000
2.822012,1763291344.211258,1763291269,0.450981,0.001722,0.000000,0.000000,0.000000,0.000000,0.000000,0.000000
2.841942,1763291344.231157,1763291269,0.450981,0.001722,0.000000,0.000000,0.000000,0.000000,0.000000,0.000000
2.861959,1763291344.251183,1763291269,0.450981,0.001722,0.000000,0.000000,0.000000,0.000000,0.000000,0.000000
2.882024,1763291344.271265,1763291269,0.450981,0.001722,0.000000,0.000000,0.000000,0.000000,0.000000,0.000000
2.902005,1763291344.291235,1763291269,0.450981,0.001722,0.000000,0.000000,0.000000,0.000000,0.000000,0.000000
2.921956,1763291344.311159,1763291269,0.450981,0.001722,0.000000,0.000000,0.000000,0.000000,0.000000,0.000000
2.942036,1763291344.331275,1763291269,0.450981,0.001722,0.000000,0.000000,0.000000,0.000000,0.000000,0.000000
2.962046,1763291344.351279,1763291269,0.450981,0.001722,0.000000,0.000000,0.000000,0.000000,-0.344366,0.000000
2.982037,1763291344.371272,1763291269,0.450981,0.001722,0.000000,0.000000,0.000000,0.000000,0.000000,0.000000
3.001996,1763291344.391211,1763291269,0.450981,0.001722,0.000000,0.000000,0.000000,0.000000,0.000000,0.000000
3.021992,1763291344.411201,1763291269,0.450981,0.001722,0.000000,0.000000,0.000000,0.000000,0.344366,0.000000
3.042313,1763291344.431602,1763291269,0.450981,0.001722,0.000000,0.000000,0.000000,0.000000,0.000000,0.000000
3.062086,1763291344.451281,1763291269,0.450981,0.001722,0.000000,0.000000,0.000000,0.000000,0.344366,0.000000
3.082092,1763291344.471290,1763291269,0.450981,0.001722,0.000000,0.000000,0.000000,0.000000,0.000000,0.000000
3.102115,1763291344.491320,1763291269,0.450981,0.001722,0.000000,0.000000,0.000000,0.000000,0.000000,0.000000
3.122117,1763291344.511320,1763291269,0.450981,0.001722,0.000000,0.000000,0.000000,0.000000,0.000000,0.000000
3.142117,1763291344.531318,1763291269,0.450981,0.001722,0.000000,0.000000,0.000000,0.000000,0.000000,0.000000
3.162150,1763291344.551370,1763291269,0.450981,0.001722,0.000000,0.000000,0.000000,0.000000,0.000000,0.000000
3.182165,1763291344.571393,1763291269,0.450981,0.001722,0.000000,0.000000,0.000000,0.000000,0.000000,0.000000
3.202161,1763291344.591381,1763291269,0.450981,0.001722,0.000000,0.000000,0.000000,0.000000,0.000000,0.000000
3.222151,1763291344.611367,1763291269,0.450981,0.001722,0.000000,0.000000,0.000000,0.000000,0.000000,0.000000
3.242155,1763291344.631368,1763291269,0.450981,0.001722,0.000000,0.000000,0.000000,0.000000,0.000000,-0.344366
3.262154,1763291344.651365,1763291269,0.450981,0.001722,0.000000,0.000000,0.000000,0.000000,0.000000,0.000000
3.282231,1763291344.671491,1763291269,0.450981,0.001722,0.000000,0.000000,0.000000,0.000000,0.000000,0.000000
3.302976,1763291344.692177,1763291269,0.450981,0.001722,0.000000,0.000000,0.000000,0.000000,0.344366,0.000000
3.322983,1763291344.712185,1763291269,0.450981,0.001722,0.000000,0.000000,0.000000,0.000000,0.000000,0.000000
3.342981,1763291344.732186,1763291269,0.450981,0.001722,0.000000,0.000000,0.000000,0.000000,0.344366,0.000000
3.362990,1763291344.752194,1763291269,0.450981,0.001722,0.000000,0.000000,0.000000,0.000000,0.000000,0.000000
3.382992,1763291344.772196,1763291269,0.450981,0.001722,0.000000,0.000000,0.000000,0.000000,0.000000,0.000000
3.403000,1763291344.792206,1763291269,0.450981,0.001722,0.000000,0.000000,0.000000,0.000000,0.000000,0.000000
3.422996,1763291344.812199,1763291269,0.450981,0.001722,0.000000,0.000000,0.000000,0.000000,0.000000,0.000000
3.442997,1763291344.832198,1763291269,0.450981,0.001722,0.000000,0.000000,0.000000,0.000000,0.000000,0.000000
3.462985,1763291344.852184,1763291269,0.450981,0.001722,0.000000,0.000000,0.000000,0.000000,0.344366,0.000000
3.483027,1763291344.872242,1763291269,0.450981,0.001722,0.000000,0.000000,0.000000,0.000000,0.000000,0.000000
3.503058,1763291344.892287,1763291269,0.450981,0.001722,0.000000,0.000000,0.000000,0.000000,0.000000,0.000000
3.523062,1763291344.912291,1763291269,0.450981,0.001722,0.000000,0.000000,0.000000,0.000000,0.000000,0.000000
3.543070,1763291344.932301,1763291269,0.450981,0.001722,0.000000,0.000000,0.000000,0.000000,0.000000,0.000000
3.563078,1763291344.952307,1763291269,0.450981,0.001722,0.000000,0.000000,0.000000,0.000000,-0.344366,0.000000
3.583107,1763291344.972347,1763291269,0.450981,0.001722,0.000000,0.000000,0.000000,0.000000,-0.688732,0.000000
3.603035,1763291344.992240,1763291269,0.450981,0.001722,0.000000,0.000000,0.000000,0.000000,0.000000,0.000000
3.623038,1763291345.012239,1763291269,0.450981,0.001722,0.000000,0.000000,0.000000,0.000000,0.344366,0.000000
3.643051,1763291345.032253,1763291269,0.450981,0.001722,0.000000,0.000000,0.000000,0.000000,0.000000,0.000000
3.663057,1763291345.052258,1763291269,0.450981,0.001722,0.000000,0.000000,0.000000,0.000000,0.000000,0.000000
3.683060,1763291345.072262,1763291269,0.450981,0.001722,0.000000,0.000000,0.000000,0.000000,0.000000,0.000000
3.703074,1763291345.092283,1763291269,0.450981,0.001722,0.000000,0.000000,0.000000,0.000000,0.000000,0.000000
3.723091,1763291345.112305,1763291269,0.450981,0.001722,0.000000,0.000000,0.000000,0.000000,0.000000,0.000000
3.743094,1763291345.132309,1763291269,0.450981,0.001722,0.000000,0.000000,0.000000,0.000000,0.000000,0.000000
3.763066,1763291345.152268,1763291269,0.450981,0.001722,0.000000,0.000000,0.000000,0.000000,0.000000,0.000000
3.783081,1763291345.172290,1763291269,0.450981,0.001722,0.000000,0.000000,0.000000,0.000000,0.000000,0.000000
3.803100,1763291345.192312,1763291269,0.450981,0.001722,0.000000,0.000000,0.000000,0.000000,-0.344366,0.000000
3.823092,1763291345.212300,1763291269,0.450981,0.001722,0.000000,0.000000,0.000000,0.000000,0.000000,0.000000
3.843097,1763291345.232308,1763291269,0.450981,0.001722,0.000000,0.000000,0.000000,0.000000,0.000000,0.000000
3.863099,1763291345.252306,1763291269,0.450981,0.001722,0.000000,0.000000,0.000000,0.000000,0.000000,0.000000
3.883121,1763291345.272336,1763291269,0.450981,0.001722,0.000000,0.000000,0.000000,0.000000,0.000000,0.000000
3.903133,1763291345.292352,1763291269,0.450981,0.001722,0.000000,0.000000,0.000000,0.000000,0.000000,0.000000
3.923150,1763291345.312375,1763291269,0.450981,0.001722,0.000000,0.000000,0.000000,0.000000,0.000000,0.000000
3.943157,1763291345.332382,1763291269,0.450981,0.001722,0.000000,0.000000,0.000000,0.000000,0.000000,0.000000
3.963148,1763291345.352366,1763291269,0.450981,0.001722,0.000000,0.000000,0.000000,0.000000,0.000000,0.000000
3.983144,1763291345.372356,1763291269,0.450981,0.001722,0.000000,0.000000,0.000000,0.000000,0.000000,0.000000
4.003136,1763291345.392345,1763291269,0.450981,0.001722,0.000000,0.000000,0.000000,0.000000,0.000000,0.000000
4.023150,1763291345.412369,1763291269,0.450981,0.001722,0.000000,0.000000,0.000000,0.000000,0.000000,0.000000
4.043118,1763291345.432312,1763291269,0.450981,0.001722,0.000000,0.000000,0.000000,0.000000,0.344366,0.000000
4.063130,1763291345.452327,1763291269,0.450981,0.001722,0.000000,0.000000,0.000000,0.000000,0.000000,0.000000
4.083137,1763291345.472336,1763291269,0.450981,0.001722,0.000000,0.000000,0.000000,0.000000,0.000000,0.000000
4.103125,1763291345.492320,1763291269,0.450981,0.001722,0.000000,0.000000,0.000000,0.000000,0.000000,-0.688732
4.123129,1763291345.512326,1763291269,0.450981,0.001722,0.000000,0.000000,0.000000,0.000000,0.000000,0.000000
4.143144,1763291345.532346,1763291269,0.450981,0.001722,0.000000,0.000000,0.000000,0.000000,0.000000,0.000000
4.163155,1763291345.552360,1763291269,0.450981,0.001722,0.000000,0.000000,0.000000,0.000000,0.000000,0.000000
4.183150,1763291345.572355,1763291269,0.450981,0.001722,0.000000,0.000000,0.000000,0.000000,0.000000,0.000000
4.203171,1763291345.592386,1763291269,0.450981,0.001722,0.000000,0.000000,0.000000,0.000000,0.000000,0.000000
4.223169,1763291345.612381,1763291269,0.450981,0.001722,0.000000,0.000000,0.000000,0.000000,0.000000,0.000000
4.243163,1763291345.632371,1763291269,0.450981,0.001722,0.000000,0.000000,0.000000,0.000000,-0.344366,0.000000
4.263165,1763291345.652371,1763291269,0.450981,0.001722,0.000000,0.000000,0.000000,0.000000,0.000000,0.000000
4.283217,1763291345.672464,1763291269,0.450981,0.001722,0.000000,0.000000,0.000000,0.000000,0.000000,0.000000
4.303238,1763291345.692485,1763291269,0.450981,0.001722,0.000000,0.000000,0.000000,0.000000,0.000000,0.000000
4.323225,1763291345.712464,1763291269,0.450981,0.001722,0.000000,0.000000,0.000000,0.000000,0.000000,0.000000
4.343232,1763291345.732470,1763291269,0.450981,0.001722,0.000000,0.000000,0.000000,0.000000,0.000000,0.000000
4.363267,1763291345.752499,1763291269,0.450981,0.001722,0.000000,0.000000,0.000000,0.000000,0.000000,0.000000
4.383241,1763291345.772475,1763291269,0.450981,0.001722,0.000000,0.000000,0.000000,0.000000,0.344366,0.000000
4.403246,1763291345.792481,1763291269,0.450981,0.001722,0.000000,0.000000,0.000000,0.000000,0.000000,0.000000
4.423213,1763291345.812423,1763291269,0.450981,0.001722,0.000000,0.000000,0.000000,0.000000,0.000000,0.000000
4.443285,1763291345.832516,1763291269,0.450981,0.001722,0.000000,0.000000,0.000000,0.000000,0.344366,0.000000
4.463266,1763291345.852485,1763291269,0.450981,0.001722,0.000000,0.000000,0.000000,0.000000,0.344366,0.000000
4.483263,1763291345.872474,1763291269,0.450981,0.001722,0.000000,0.000000,0.000000,0.000000,0.000000,0.000000
4.503268,1763291345.892483,1763291269,0.450981,0.001722,0.000000,0.000000,0.000000,0.000000,0.000000,0.000000
4.523257,1763291345.912466,1763291269,0.450981,0.001722,0.000000,0.000000,0.000000,0.000000,0.000000,0.000000
4.543276,1763291345.932492,1763291269,0.450981,0.001722,0.000000,0.000000,0.000000,0.000000,0.000000,0.000000
4.563273,1763291345.952486,1763291269,0.450981,0.001722,0.000000,0.000000,0.000000,0.000000,0.000000,0.000000
4.583266,1763291345.972476,1763291269,0.450981,0.001722,0.000000,0.000000,0.000000,0.000000,0.344366,0.000000
4.603277,1763291345.992483,1763291269,0.450981,0.001722,0.000000,0.000000,0.000000,0.000000,0.000000,0.000000
4.623289,1763291346.012503,1763291269,0.450981,0.001722,0.000000,0.000000,0.000000,0.000000,0.000000,0.000000
4.643260,1763291346.032459,1763291269,0.450981,0.001722,0.000000,0.000000,0.000000,0.000000,0.000000,0.000000
4.663265,1763291346.052464,1763291269,0.450981,0.001722,0.000000,0.000000,0.000000,0.000000,0.000000,0.000000
4.683278,1763291346.072482,1763291269,0.450981,0.001722,0.000000,0.000000,0.000000,0.000000,0.344366,0.000000
4.703351,1763291346.092586,1763291269,0.450981,0.001722,0.000000,0.000000,0.000000,0.000000,0.344366,0.000000
4.723351,1763291346.112585,1763291269,0.450981,0.001722,0.000000,0.000000,0.000000,0.000000,0.000000,0.000000
4.743298,1763291346.132499,1763291269,0.450981,0.001722,0.000000,0.000000,0.000000,0.000000,0.000000,0.000000
4.763337,1763291346.152555,1763291269,0.450981,0.001722,0.000000,0.000000,0.000000,0.000000,0.344366,0.000000
4.783344,1763291346.172559,1763291269,0.450981,0.001722,0.000000,0.000000,0.000000,0.000000,0.000000,0.000000
4.803409,1763291346.192644,1763291269,0.450981,0.001722,0.000000,0.000000,0.000000,0.000000,0.000000,0.000000
4.823362,1763291346.212570,1763291269,0.450981,0.001722,0.000000,0.000000,0.000000,0.000000,0.000000,0.000000
4.843389,1763291346.232604,1763291269,0.450981,0.001722,0.000000,0.000000,0.000000,0.000000,0.344366,0.000000
4.863389,1763291346.252603,1763291269,0.450981,0.001722,0.000000,0.000000,0.000000,0.000000,0.000000,0.000000
4.883403,1763291346.272623,1763291269,0.450981,0.001722,0.000000,0.000000,0.000000,0.000000,0.000000,0.000000
4.903426,1763291346.292663,1763291269,0.450981,0.001722,0.000000,0.000000,0.000000,0.000000,0.000000,0.000000
4.923426,1763291346.312653,1763291269,0.450981,0.001722,0.000000,0.000000,0.000000,0.000000,0.000000,0.000000
4.943382,1763291346.332583,1763291269,0.450981,0.001722,0.000000,0.000000,0.000000,0.000000,0.000000,0.000000
4.963435,1763291346.352639,1763291269,0.450981,0.001722,0.000000,0.000000,0.000000,0.000000,0.000000,0.000000
4.983425,1763291346.372628,1763291269,0.450981,0.001722,0.000000,0.000000,0.000000,0.000000,0.000000,0.000000
5.003476,1763291346.392698,1763291269,0.450981,0.001722,0.000000,0.000000,0.000000,0.000000,0.000000,0.000000
5.023484,1763291346.412711,1763291269,0.450981,0.001722,0.000000,0.000000,0.000000,0.000000,0.000000,0.000000
5.043444,1763291346.432644,1763291269,0.450981,0.001722,0.000000,0.000000,0.000000,0.000000,0.000000,0.000000
5.063432,1763291346.452624,1763291269,0.450981,0.001722,0.000000,0.000000,0.000000,0.000000,0.000000,0.000000
5.083458,1763291346.472662,1763291269,0.450981,0.001722,0.000000,0.000000,0.000000,0.000000,0.000000,0.000000
5.103442,1763291346.492641,1763291269,0.450981,0.001722,0.000000,0.000000,0.000000,0.000000,0.344366,0.000000
5.123495,1763291346.512717,1763291269,0.450981,0.001722,0.000000,0.000000,0.000000,0.000000,0.000000,0.000000
5.143513,1763291346.532741,1763291269,0.450981,0.001722,0.000000,0.000000,0.000000,0.000000,0.344366,0.000000
5.163520,1763291346.552748,1763291269,0.450981,0.001722,0.000000,0.000000,0.000000,0.000000,0.000000,0.000000
5.183526,1763291346.572755,1763291269,0.450981,0.001722,0.000000,0.000000,0.000000,0.000000,0.344366,0.000000
5.203525,1763291346.592752,1763291269,0.450981,0.001722,0.000000,0.000000,0.000000,0.000000,0.000000,0.000000
5.223530,1763291346.612757,1763291269,0.450981,0.001722,0.000000,0.000000,0.000000,0.000000,0.000000,0.000000
5.243494,1763291346.632704,1763291269,0.450981,0.001722,0.000000,0.000000,0.000000,0.000000,0.000000,0.000000
5.263563,1763291346.652785,1763291269,0.450981,0.001722,0.000000,0.000000,0.000000,0.000000,0.000000,0.000000
5.283595,1763291346.672829,1763291269,0.450981,0.001722,0.000000,0.000000,0.000000,0.000000,0.344366,0.000000
5.303603,1763291346.692838,1763291269,0.450981,0.001722,0.000000,0.000000,0.000000,0.000000,0.344366,0.000000
5.323620,1763291346.712859,1763291269,0.450981,0.001722,0.000000,0.000000,0.000000,0.000000,0.000000,0.000000
5.343608,1763291346.732836,1763291269,0.450981,0.001722,0.000000,0.000000,0.000000,0.000000,0.000000,0.000000
5.363567,1763291346.752777,1763291269,0.450981,0.001722,0.000000,0.000000,0.000000,0.000000,0.000000,0.000000
5.383593,1763291346.772810,1763291269,0.450981,0.001722,0.000000,0.000000,0.000000,0.000000,0.000000,0.000000
5.403600,1763291346.792818,1763291269,0.450981,0.001722,0.000000,0.000000,0.000000,0.000000,0.000000,0.000000
5.423616,1763291346.812839,1763291269,0.450981,0.001722,0.000000,0.000000,0.000000,0.000000,0.000000,0.000000
5.443719,1763291346.832937,1763291269,0.450981,0.001722,0.000000,0.000000,0.000000,0.000000,0.344366,0.000000
5.463684,1763291346.852886,1763291269,0.450981,0.001722,0.000000,0.000000,0.000000,0.000000,0.000000,0.000000
5.483702,1763291346.872909,1763291269,0.450981,0.001722,0.000000,0.000000,0.000000,0.000000,0.000000,0.000000
5.503733,1763291346.892949,1763291269,0.450981,0.001722,0.000000,0.000000,0.000000,0.000000,0.000000,0.000000
5.523706,1763291346.912902,1763291269,0.450981,0.001722,0.000000,0.000000,0.000000,0.000000,0.000000,-0.688732
5.543725,1763291346.932929,1763291269,0.450981,0.001722,0.000000,0.000000,0.000000,0.000000,0.000000,0.000000
5.563788,1763291346.953009,1763291269,0.450981,0.001722,0.000000,0.000000,0.000000,0.000000,0.000000,0.000000
5.583790,1763291346.973003,1763291269,0.450981,0.001722,0.000000,0.000000,0.000000,0.000000,0.000000,0.000000
5.603764,1763291346.992960,1763291269,0.450981,0.001722,0.000000,0.000000,0.000000,0.000000,0.000000,0.000000
5.623752,1763291347.012944,1763291269,0.450981,0.001722,0.000000,0.000000,0.000000,0.000000,0.000000,0.000000
5.643764,1763291347.032960,1763291269,0.450981,0.001722,0.000000,0.000000,0.000000,0.000000,0.000000,-0.688732
5.663761,1763291347.052958,1763291269,0.450981,0.001722,0.000000,0.000000,0.000000,0.000000,0.000000,0.000000
5.683757,1763291347.072949,1763291269,0.450981,0.001722,0.000000,0.000000,0.000000,0.000000,0.000000,0.000000
5.703762,1763291347.092956,1763291269,0.450981,0.001722,0.000000,0.000000,0.000000,0.000000,0.000000,0.000000
5.723764,1763291347.112958,1763291269,0.450981,0.001722,0.000000,0.000000,0.000000,0.000000,0.000000,0.000000
5.743769,1763291347.132966,1763291269,0.450981,0.001722,0.000000,0.000000,0.000000,0.000000,0.344366,-0.688732
5.763773,1763291347.152972,1763291269,0.450981,0.001722,0.000000,0.000000,0.000000,0.000000,0.000000,0.000000
5.783786,1763291347.172988,1763291269,0.450981,0.001722,0.000000,0.000000,0.000000,0.000000,-0.344366,0.000000
5.803774,1763291347.192966,1763291269,0.450981,0.001722,0.000000,0.000000,0.000000,0.000000,0.000000,0.000000
5.823790,1763291347.212987,1763291269,0.450981,0.001722,0.000000,0.000000,0.000000,0.000000,0.344366,0.000000
5.843789,1763291347.232987,1763291269,0.450981,0.001722,0.000000,0.000000,0.000000,0.000000,0.000000,0.000000
5.863779,1763291347.252971,1763291269,0.450981,0.001722,0.000000,0.000000,0.000000,0.000000,0.000000,0.000000
5.883794,1763291347.272993,1763291269,0.450981,0.001722,0.000000,0.000000,0.000000,0.000000,0.000000,0.000000
5.903782,1763291347.292974,1763291269,0.450981,0.001722,0.000000,0.000000,0.000000,0.000000,0.000000,0.000000
5.923797,1763291347.312994,1763291269,0.450981,0.001722,0.000000,0.000000,0.000000,0.000000,-0.344366,0.000000
5.943806,1763291347.333008,1763291269,0.450981,0.001722,0.000000,0.000000,0.000000,0.000000,0.000000,0.000000
5.963816,1763291347.353018,1763291269,0.450981,0.001722,0.000000,0.000000,0.000000,0.000000,-0.344366,0.000000
5.983823,1763291347.373031,1763291269,0.450981,0.001722,0.000000,0.000000,0.000000,0.000000,0.000000,0.000000
6.003800,1763291347.392998,1763291269,0.450981,0.001722,0.000000,0.000000,0.000000,0.000000,0.000000,0.000000
6.023795,1763291347.412987,1763291269,0.450981,0.001722,0.000000,0.000000,0.000000,0.000000,0.000000,0.000000
6.043918,1763291347.433190,1763291269,0.450981,0.001722,0.000000,0.000000,0.000000,0.000000,0.344366,0.000000
6.063805,1763291347.452999,1763291269,0.450981,0.001722,0.000000,0.000000,0.000000,0.000000,0.000000,0.000000
6.083804,1763291347.472997,1763291269,0.450981,0.001722,0.000000,0.000000,0.000000,0.000000,0.000000,0.000000
6.103819,1763291347.493019,1763291269,0.450981,0.001722,0.000000,0.000000,0.000000,0.000000,0.000000,0.000000
6.123821,1763291347.513020,1763291269,0.450981,0.001722,0.000000,0.000000,0.000000,0.000000,0.344366,0.000000
6.143821,1763291347.533018,1763291269,0.450981,0.001722,0.000000,0.000000,0.000000,0.000000,0.000000,0.000000
6.163855,1763291347.553072,1763291269,0.450981,0.001722,0.000000,0.000000,0.000000,0.000000,0.344366,0.000000
6.183813,1763291347.573004,1763291269,0.450981,0.001722,0.000000,0.000000,0.000000,0.000000,0.000000,0.000000
6.203830,1763291347.593027,1763291269,0.450981,0.001722,0.000000,0.000000,0.000000,0.000000,0.000000,-0.688732
6.223876,1763291347.613096,1763291269,0.450981,0.001722,0.000000,0.000000,0.000000,0.000000,0.344366,0.000000
6.243877,1763291347.633097,1763291269,0.450981,0.001722,0.000000,0.000000,0.000000,0.000000,0.344366,0.000000
6.263879,1763291347.653099,1763291269,0.450981,0.001722,0.000000,0.000000,0.000000,0.000000,0.000000,0.000000
6.283844,1763291347.673040,1763291269,0.450981,0.001722,0.000000,0.000000,0.000000,0.000000,0.000000,0.000000
6.303848,1763291347.693047,1763291269,0.450981,0.001722,0.000000,0.000000,0.000000,0.000000,0.344366,0.000000
6.323862,1763291347.713067,1763291269,0.450981,0.001722,0.000000,0.000000,0.000000,0.000000,0.000000,0.000000
6.343891,1763291347.733112,1763291269,0.450981,0.001722,0.000000,0.000000,0.000000,0.000000,0.000000,0.000000
6.363902,1763291347.753126,1763291269,0.450981,0.001722,0.000000,0.000000,0.000000,0.000000,0.000000,0.000000
6.383860,1763291347.773063,1763291269,0.450981,0.001722,0.000000,0.000000,0.000000,0.000000,0.000000,0.000000
6.403901,1763291347.793119,1763291269,0.450981,0.001722,0.000000,0.000000,0.000000,0.000000,0.344366,0.000000
6.423898,1763291347.813112,1763291269,0.450981,0.001722,0.000000,0.000000,0.000000,0.000000,0.000000,0.000000
6.443924,1763291347.833150,1763291269,0.450981,0.001722,0.000000,0.000000,0.000000,0.000000,0.344366,0.000000
6.463918,1763291347.853137,1763291269,0.450981,0.001722,0.000000,0.000000,0.000000,0.000000,0.000000,0.000000
6.483930,1763291347.873157,1763291269,0.450981,0.001722,0.000000,0.000000,0.000000,0.000000,0.000000,0.000000
6.503929,1763291347.893148,1763291269,0.450981,0.001722,0.000000,0.000000,0.000000,0.000000,0.000000,0.000000
6.523892,1763291347.913094,1763291269,0.450981,0.001722,0.000000,0.000000,0.000000,0.000000,0.344366,0.000000
6.543920,1763291347.933133,1763291269,0.450981,0.001722,0.000000,0.000000,0.000000,0.000000,-0.344366,0.000000
6.563955,1763291347.953179,1763291269,0.450981,0.001722,0.000000,0.000000,0.000000,0.000000,0.000000,0.000000
6.583941,1763291347.973155,1763291269,0.450981,0.001722,0.000000,0.000000,0.000000,0.000000,0.000000,0.000000
6.603921,1763291347.993125,1763291269,0.450981,0.001722,0.000000,0.000000,0.000000,0.000000,0.000000,0.000000
6.623991,1763291348.013231,1763291269,0.450981,0.001722,0.000000,0.000000,0.000000,0.000000,-0.344366,0.000000
6.643964,1763291348.033189,1763291269,0.450981,0.001722,0.000000,0.000000,0.000000,0.000000,0.000000,0.000000
6.663937,1763291348.053145,1763291269,0.450981,0.001722,0.000000,0.000000,0.000000,0.000000,0.000000,0.000000
6.683951,1763291348.073166,1763291269,0.450981,0.001722,0.000000,0.000000,0.000000,0.000000,0.000000,0.000000
6.703968,1763291348.093184,1763291269,0.450981,0.001722,0.000000,0.000000,0.000000,0.000000,-0.344366,0.000000
6.723990,1763291348.113212,1763291269,0.450981,0.001722,0.000000,0.000000,0.000000,0.000000,0.000000,0.000000
6.744003,1763291348.133227,1763291269,0.450981,0.001722,0.000000,0.000000,0.000000,0.000000,0.000000,0.000000
